id,name,email,phone,location,total_spend,total_orders
1,Tandie Whitlaw,twhitlaw0@nationalgeographic.com,+1 (728) 199-1229,Canada,$38614.25,187
2,Benn Daverin,bdaverin1@uol.com.br,+7 (504) 554-9630,Russia,$97735.02,665
3,Germaine Goulden,ggoulden2@ameblo.jp,+7 (140) 966-9348,Russia,$95195.16,969
4,Carolynn Elnough,celnough3@xing.com,+7 (319) 226-0646,Russia,$44956.14,10
5,Carmelita Lamprey,clamprey4@pinterest.com,+7 (267) 908-5381,Russia,$23111.34,248
6,Lethia Greenham,lgreenham5@lycos.com,+1 (277) 640-0268,Canada,$2753.20,75
7,Hermon Baudassi,hbaudassi6@ifeng.com,+7 (904) 799-8051,Russia,$79807.98,56
8,Lindsy Roof,lroof7@exblog.jp,+1 (452) 319-9428,Canada,$91568.14,652
9,Leland Bossons,lbossons8@nhs.uk,+7 (505) 438-3581,Russia,$90724.19,562
10,Velma Chettle,vchettle9@ustream.tv,+7 (856) 612-3001,Russia,$59347.74,944
11,Keary Moehler,kmoehlera@tripadvisor.com,+7 (948) 508-2330,Russia,$12897.48,285
12,Letisha Becket,lbecketb@nhs.uk,+7 (669) 568-6777,Russia,$89103.90,590
13,Jackqueline Leathley,jleathleyc@google.ca,+7 (593) 387-4110,Russia,$18465.38,519
14,Gabbi Klehn,gklehnd@free.fr,+7 (913) 940-4598,Russia,$17798.99,562
15,Mariele Muffen,mmuffene@google.com.au,+7 (969) 350-9469,Russia,$41700.85,518
16,Quincey Ramm,qrammf@senate.gov,+7 (113) 798-3796,Russia,$63555.39,711
17,Cassandre Girard,cgirardg@ocn.ne.jp,+7 (893) 891-0685,Russia,$24209.48,23
18,Anatollo Avis,aavish@ameblo.jp,+7 (329) 945-1785,Russia,$2454.17,512
19,Ezmeralda Stachini,estachinii@ucla.edu,+7 (966) 876-1765,Russia,$85390.92,713
20,Alexei Kneale,aknealej@dagondesign.com,+7 (453) 203-8504,Russia,$3634.89,843
21,Carly Duffit,cduffitk@time.com,+7 (459) 844-9594,Russia,$98458.82,776
22,Delano Imlen,dimlenl@themeforest.net,+7 (187) 499-5409,Russia,$27289.67,902
23,Dierdre Kerrich,dkerrichm@google.es,+7 (208) 603-6854,Russia,$2642.81,796
24,Meg Geekie,mgeekien@marriott.com,+7 (486) 678-2549,Russia,$47413.15,812
25,Haslett Le Conte,hleo@angelfire.com,+7 (449) 343-4891,Russia,$19126.97,445
26,Charlena Tarpey,ctarpeyp@sourceforge.net,+7 (780) 101-9739,Russia,$36205.36,184
27,Elizabet Taile,etaileq@bloglovin.com,+7 (395) 241-2284,Russia,$12066.98,357
28,Ringo Skeath,rskeathr@apache.org,+7 (500) 672-0341,Russia,$80542.15,440
29,Erich Chipping,echippings@salon.com,+7 (995) 332-2699,Russia,$14697.81,740
30,Chlo Zupone,czuponet@hc360.com,+7 (631) 186-5028,Russia,$22082.88,6
31,Dyanna Yanson,dyansonu@livejournal.com,+7 (142) 423-8946,Russia,$31570.07,990
32,Estell Sibley,esibleyv@jimdo.com,+7 (587) 531-6168,Russia,$80657.83,632
33,Thoma Sheal,tshealw@feedburner.com,+7 (153) 682-8424,Russia,$85488.09,565
34,Merla Hoys,mhoysx@jalbum.net,+7 (975) 319-7117,Russia,$35987.08,942
35,Dalis Brecken,dbreckeny@timesonline.co.uk,+7 (770) 701-8572,Russia,$12748.44,644
36,Teirtza Svanetti,tsvanettiz@cbsnews.com,+7 (969) 206-1916,Russia,$72688.01,992
37,Truda Ivashev,tivashev10@nytimes.com,+1 (422) 679-4286,Canada,$52609.97,106
38,Vladamir Trunkfield,vtrunkfield11@latimes.com,+375 (917) 952-8360,Belarus,$48543.36,197
39,Nessi Richardes,nrichardes12@weather.com,+7 (397) 800-0873,Russia,$20489.10,587
40,Mina Hainey`,mhainey13@wordpress.com,+7 (275) 955-4441,Russia,$62829.46,753
41,Meridith Bennet,mbennet14@tinypic.com,+7 (507) 359-4831,Russia,$58390.27,879
42,Suzy Hunnable,shunnable15@wiley.com,+7 (624) 822-1467,Russia,$54243.33,254
43,Ashley Bedo,abedo16@infoseek.co.jp,+7 (882) 281-4462,Russia,$69831.23,276
44,Annie Prati,aprati17@free.fr,+375 (883) 617-9100,Belarus,$49251.76,569
45,Claudette Dufaire,cdufaire18@craigslist.org,+7 (462) 151-2802,Russia,$52500.22,61
46,Jeddy Basek,jbasek19@archive.org,+7 (274) 436-9124,Russia,$60805.20,34
47,Allianora Seers,aseers1a@howstuffworks.com,+7 (909) 397-7776,Russia,$77301.72,12
48,Carmine Radenhurst,cradenhurst1b@last.fm,+375 (882) 627-6055,Belarus,$88165.96,753
49,Forrester Boecke,fboecke1c@ask.com,+7 (836) 871-8206,Russia,$64365.43,257
50,Chas Zarfati,czarfati1d@quantcast.com,+1 (765) 903-8656,Canada,$63085.47,145
51,Nolie Cripin,ncripin1e@nih.gov,+7 (343) 755-2161,Russia,$39627.58,884
52,Cecile Ridett,cridett1f@1688.com,+7 (672) 191-9102,Russia,$52790.61,167
53,Pearla Doey,pdoey1g@usda.gov,+7 (773) 287-9417,Russia,$65783.63,166
54,Cord Sibthorpe,csibthorpe1h@walmart.com,+1 (495) 521-7039,Canada,$14183.89,811
55,Holli Wilkie,hwilkie1i@businessweek.com,+1 (514) 654-3991,Canada,$80085.65,308
56,Darcee Melly,dmelly1j@domainmarket.com,+7 (570) 850-7660,Russia,$5265.18,659
57,Terri-jo Jinda,tjinda1k@fotki.com,+7 (727) 246-5946,Russia,$26315.17,380
58,Bryon Top,btop1l@bluehost.com,+7 (859) 754-1560,Russia,$50529.40,105
59,Sallie Chisholm,schisholm1m@biblegateway.com,+7 (757) 305-7014,Russia,$59222.20,671
60,Warren Tolhurst,wtolhurst1n@1und1.de,+7 (569) 615-8086,Russia,$66800.12,125
61,Wallie Udie,wudie1o@businessweek.com,+7 (641) 192-2246,Russia,$64263.18,685
62,Olva Willisch,owillisch1p@java.com,+1 (712) 396-6567,Canada,$16999.47,177
63,Willi Aleveque,waleveque1q@pinterest.com,+7 (341) 495-5021,Russia,$47877.92,26
64,Rozele Dowden,rdowden1r@qq.com,+7 (590) 171-3133,Russia,$22508.87,972
65,Estevan Minget,eminget1s@google.fr,+1 (933) 140-0090,Canada,$18512.30,858
66,Parnell Watchorn,pwatchorn1t@vk.com,+7 (616) 664-0439,Russia,$20251.92,285
67,Dosi Astbery,dastbery1u@house.gov,+7 (201) 962-2465,Russia,$55849.48,919
68,Donovan Grattan,dgrattan1v@woothemes.com,+7 (603) 745-2259,Russia,$92683.88,61
69,Anita Hunnywell,ahunnywell1w@cyberchimps.com,+1 (315) 100-2996,Canada,$9770.18,279
70,Randee Gueste,rgueste1x@wp.com,+1 (877) 936-2854,Canada,$9668.92,320
71,Hyacinth Cowin,hcowin1y@aol.com,+7 (526) 536-5331,Russia,$32822.15,421
72,Maxy Gawen,mgawen1z@intel.com,+1 (172) 480-2870,Canada,$57711.14,739
73,Blondelle Juanico,bjuanico20@princeton.edu,+1 (454) 716-4493,Canada,$11984.52,173
74,Neely Munro,nmunro21@telegraph.co.uk,+7 (145) 711-5504,Russia,$56816.19,203
75,Gilberta Vile,gvile22@parallels.com,+7 (877) 206-9592,Russia,$79621.60,695
76,Loise Jamieson,ljamieson23@hibu.com,+7 (761) 679-8415,Russia,$1662.22,93
77,Sloane Woodberry,swoodberry24@jugem.jp,+7 (751) 430-2530,Russia,$64369.66,721
78,Delmor Gravell,dgravell25@hibu.com,+7 (570) 881-0711,Russia,$65343.80,187
79,Rozella Attwood,rattwood26@foxnews.com,+7 (883) 296-5656,Russia,$8963.76,368
80,Shela Williamson,swilliamson27@virginia.edu,+7 (300) 343-2811,Russia,$74809.20,760
81,Fran Wychard,fwychard28@blogger.com,+7 (269) 565-8783,Russia,$86758.45,461
82,Ravid O'Towey,rotowey29@constantcontact.com,+7 (218) 986-5662,Russia,$57789.08,147
83,Gael Mayte,gmayte2a@yandex.ru,+7 (927) 723-7168,Russia,$36166.55,177
84,Blithe Wahner,bwahner2b@jigsy.com,+7 (713) 223-4432,Russia,$96350.09,660
85,Adda McCromley,amccromley2c@macromedia.com,+7 (523) 596-5125,Russia,$39755.76,356
86,Adiana Deekes,adeekes2d@scribd.com,+7 (297) 531-0948,Russia,$67766.55,504
87,Brod McPhelimey,bmcphelimey2e@drupal.org,+7 (623) 404-2946,Russia,$53093.11,240
88,Kristal Challiner,kchalliner2f@g.co,+7 (621) 249-9746,Russia,$35269.35,307
89,Gene McCrisken,gmccrisken2g@cocolog-nifty.com,+7 (452) 786-2168,Russia,$8023.02,351
90,Vincent Wolton,vwolton2h@sourceforge.net,+7 (174) 258-3513,Russia,$19977.62,254
91,Stillmann Catcherside,scatcherside2i@artisteer.com,+7 (797) 714-2914,Russia,$87296.06,454
92,Natalina Dogerty,ndogerty2j@pinterest.com,+7 (630) 586-4629,Russia,$58263.92,264
93,Laurie Dike,ldike2k@home.pl,+7 (631) 395-5466,Russia,$70184.50,604
94,Myrle Sexcey,msexcey2l@pen.io,+7 (950) 836-4109,Russia,$8980.10,688
95,Bartel Stansbie,bstansbie2m@w3.org,+7 (591) 304-7953,Russia,$59874.22,845
96,Fax Noorwood,fnoorwood2n@wired.com,+7 (669) 260-9476,Russia,$75063.07,580
97,Dawna Durrad,ddurrad2o@reuters.com,+7 (477) 191-1383,Russia,$21182.95,925
98,Arv Caselick,acaselick2p@scribd.com,+1 (144) 743-8491,Canada,$3802.20,229
99,Gal Elington,gelington2q@biblegateway.com,+7 (909) 753-3847,Russia,$27630.77,601
100,Pall Sodor,psodor2r@clickbank.net,+7 (735) 693-7223,Russia,$12561.59,592
101,Casey Coston,ccoston2s@wiley.com,+375 (365) 889-2219,Belarus,$7947.21,319
102,Allyn McGinly,amcginly2t@google.com.hk,+7 (543) 447-9533,Russia,$7865.91,380
103,Raimund Swinburn,rswinburn2u@hhs.gov,+7 (311) 807-9067,Russia,$90209.11,706
104,Orly Cottam,ocottam2v@people.com.cn,+7 (585) 706-7581,Russia,$74752.13,404
105,Dyna Gresser,dgresser2w@nba.com,+375 (530) 667-1604,Belarus,$65529.34,267
106,Gwendolyn Cannon,gcannon2x@dedecms.com,+7 (285) 856-5840,Russia,$32519.93,718
107,Ansell Gokes,agokes2y@elpais.com,+7 (757) 629-7350,Russia,$51039.08,997
108,Sumner Wadham,swadham2z@army.mil,+7 (894) 572-7501,Russia,$34105.89,347
109,Cloe Temporal,ctemporal30@xrea.com,+375 (615) 973-0578,Belarus,$94228.50,238
110,Libby Reiners,lreiners31@ask.com,+7 (740) 159-7844,Russia,$47640.44,438
111,Georgina McCurtain,gmccurtain32@dagondesign.com,+1 (812) 906-7741,Canada,$87405.62,622
112,Alanson Vine,avine33@gmpg.org,+7 (504) 819-3666,Russia,$66605.66,352
113,Austin Devenport,adevenport34@taobao.com,+1 (292) 742-3071,Canada,$74105.73,668
114,Yancey Serrurier,yserrurier35@hp.com,+7 (893) 629-1346,Russia,$45494.30,866
115,Pepito Conibeer,pconibeer36@indiatimes.com,+7 (261) 965-9827,Russia,$18631.75,121
116,Bevon Jakolevitch,bjakolevitch37@nationalgeographic.com,+1 (942) 852-6871,Canada,$94225.08,808
117,Orv Crinidge,ocrinidge38@intel.com,+1 (471) 601-5621,Canada,$99153.93,107
118,Salomone Kobes,skobes39@privacy.gov.au,+7 (250) 895-8675,Russia,$86042.33,514
119,Kitti Gain,kgain3a@samsung.com,+7 (347) 466-5635,Russia,$2938.29,664
120,Lynea Mirfield,lmirfield3b@state.gov,+7 (453) 847-4708,Russia,$87005.73,834
121,Galvin MacCaughey,gmaccaughey3c@toplist.cz,+7 (117) 655-9413,Russia,$15456.85,27
122,Rockey Yeatman,ryeatman3d@usgs.gov,+375 (240) 487-3627,Belarus,$20556.31,42
123,Ernestus Rival,erival3e@google.ru,+7 (176) 793-6195,Russia,$88526.44,98
124,Gregory Di Francesco,gdi3f@scribd.com,+1 (825) 646-1563,Canada,$15172.08,762
125,Moreen Mustoe,mmustoe3g@dedecms.com,+7 (492) 438-1402,Russia,$50567.81,241
126,Rodrick Friberg,rfriberg3h@twitpic.com,+7 (743) 812-7563,Russia,$51777.93,502
127,Burton Magnay,bmagnay3i@geocities.com,+1 (525) 226-5360,Canada,$47217.61,565
128,Ernesto Fincken,efincken3j@live.com,+7 (153) 165-3784,Russia,$14203.83,94
129,Quinlan Worrill,qworrill3k@wikipedia.org,+375 (802) 351-8342,Belarus,$42293.89,630
130,Brandon Matthaus,bmatthaus3l@photobucket.com,+7 (975) 950-3133,Russia,$36733.80,765
131,Roana Cowl,rcowl3m@amazon.de,+7 (828) 639-3860,Russia,$51298.37,172
132,Orion Waddell,owaddell3n@bing.com,+7 (501) 626-9592,Russia,$83204.33,981
133,Lynnette Bickley,lbickley3o@craigslist.org,+1 (871) 143-7784,Canada,$23699.66,524
134,Delilah Colleton,dcolleton3p@meetup.com,+1 (926) 859-0125,Canada,$54701.18,54
135,Rickie Woodthorpe,rwoodthorpe3q@go.com,+7 (296) 194-7483,Russia,$33031.32,572
136,Guthrie Duce,gduce3r@spiegel.de,+7 (964) 565-6808,Russia,$79988.78,36
137,Elli De Beneditti,ede3s@com.com,+7 (237) 398-9372,Russia,$94686.97,666
138,Ingamar Hofner,ihofner3t@bravesites.com,+7 (647) 507-0418,Russia,$5932.07,765
139,Robina Coombes,rcoombes3u@patch.com,+7 (680) 419-0851,Russia,$36341.31,423
140,Giacinta Lanfranchi,glanfranchi3v@github.io,+7 (303) 472-8853,Russia,$58811.53,464
141,Ibbie Egleton,iegleton3w@cnbc.com,+7 (862) 352-6691,Russia,$76050.74,824
142,Virgie Darby,vdarby3x@hexun.com,+7 (261) 365-0973,Russia,$32529.17,270
143,Libby Polsin,lpolsin3y@aol.com,+7 (575) 563-5103,Russia,$95428.26,293
144,Anabella Kynan,akynan3z@free.fr,+7 (386) 932-7092,Russia,$94615.86,797
145,Charita Mattheeuw,cmattheeuw40@ebay.com,+7 (211) 946-3767,Russia,$77693.49,795
146,Osbourne Sugg,osugg41@addtoany.com,+1 (765) 422-7344,Canada,$44034.53,163
147,Aluin Wyles,awyles42@unc.edu,+7 (223) 842-3955,Russia,$71719.71,119
148,Nikkie Fishpond,nfishpond43@baidu.com,+7 (745) 318-1573,Russia,$5738.43,901
149,Glenine Surgey,gsurgey44@mozilla.org,+7 (365) 841-3141,Russia,$35226.06,34
150,Neila McQuilty,nmcquilty45@youku.com,+7 (396) 511-1626,Russia,$47524.44,687
151,Valentin Blagbrough,vblagbrough46@yahoo.co.jp,+7 (284) 632-3651,Russia,$79736.03,121
152,Roselia Pantone,rpantone47@unesco.org,+1 (692) 580-1684,Canada,$70018.29,435
153,Mandy Boatright,mboatright48@blogspot.com,+1 (481) 199-4633,Canada,$22918.48,976
154,Arlen Jakubovsky,ajakubovsky49@fotki.com,+7 (224) 271-3700,Russia,$34205.40,922
155,Keelia Vizard,kvizard4a@foxnews.com,+7 (266) 187-9544,Russia,$99770.06,531
156,Roanna Castagneri,rcastagneri4b@bizjournals.com,+7 (246) 306-0212,Russia,$27065.51,256
157,Morgan Mardle,mmardle4c@google.co.uk,+7 (418) 386-9883,Russia,$66743.15,751
158,Kylie Banaszewski,kbanaszewski4d@istockphoto.com,+7 (773) 199-1220,Russia,$46596.77,289
159,Mohandas Ogles,mogles4e@list-manage.com,+7 (743) 828-2572,Russia,$48591.85,369
160,Rodrique Dymond,rdymond4f@google.de,+7 (623) 928-6247,Russia,$44934.44,329
161,Shani Newburn,snewburn4g@scribd.com,+7 (200) 178-9507,Russia,$78461.62,200
162,Beryl Filipson,bfilipson4h@geocities.com,+7 (100) 378-1133,Russia,$3911.88,324
163,Massimo Cottu,mcottu4i@altervista.org,+7 (723) 563-0922,Russia,$67090.24,438
164,Manny Wysome,mwysome4j@joomla.org,+7 (540) 278-9417,Russia,$78584.36,11
165,Allyn Oldaker,aoldaker4k@mapquest.com,+7 (349) 192-0671,Russia,$44357.34,146
166,Carina Piser,cpiser4l@t-online.de,+7 (602) 547-5238,Russia,$1332.70,893
167,Gladys Poad,gpoad4m@slate.com,+7 (113) 478-7396,Russia,$54902.30,417
168,Doralia Garoghan,dgaroghan4n@behance.net,+7 (313) 316-2798,Russia,$4634.71,237
169,Raddy Newbatt,rnewbatt4o@globo.com,+7 (243) 625-5568,Russia,$63704.43,689
170,Smith Tewkesberry,stewkesberry4p@sfgate.com,+7 (300) 752-9771,Russia,$63475.42,805
171,Lester Padwick,lpadwick4q@joomla.org,+7 (372) 581-8588,Russia,$94388.10,684
172,Daisi Bryett,dbryett4r@yandex.ru,+1 (813) 719-8192,Canada,$19690.95,163
173,Clarence Bellow,cbellow4s@slashdot.org,+7 (620) 317-2905,Russia,$64445.19,469
174,Kelley McIlvenny,kmcilvenny4t@independent.co.uk,+7 (433) 393-9271,Russia,$16805.40,868
175,Nickolai Barfitt,nbarfitt4u@blogspot.com,+1 (250) 634-8609,Canada,$10314.89,727
176,Valle Boerder,vboerder4v@elegantthemes.com,+7 (444) 807-3512,Russia,$65388.86,278
177,Gualterio Pandie,gpandie4w@nhs.uk,+7 (972) 734-1963,Russia,$90453.04,936
178,Lexine Watterson,lwatterson4x@geocities.jp,+7 (492) 235-8811,Russia,$33820.05,989
179,Terese Dacre,tdacre4y@spiegel.de,+7 (895) 394-9289,Russia,$3626.82,869
180,Patsy Adrien,padrien4z@infoseek.co.jp,+7 (282) 598-4973,Russia,$27146.75,251
181,Jeni Girkin,jgirkin50@npr.org,+7 (747) 398-4669,Russia,$74492.80,887
182,Emmye Aston,easton51@soundcloud.com,+7 (345) 690-1736,Russia,$51400.44,850
183,Ethelred Krysztofiak,ekrysztofiak52@tumblr.com,+7 (109) 849-1918,Russia,$5303.04,979
184,Dela Balf,dbalf53@devhub.com,+7 (307) 566-8662,Russia,$7629.14,617
185,Wood Edmeades,wedmeades54@google.com.au,+7 (776) 369-3187,Russia,$81443.20,936
186,Esme Kavanagh,ekavanagh55@ihg.com,+7 (655) 953-7132,Russia,$81905.71,250
187,Sky Smyth,ssmyth56@oracle.com,+7 (110) 269-4311,Russia,$28303.35,35
188,Hana Karolyi,hkarolyi57@shop-pro.jp,+7 (223) 436-1159,Russia,$62517.06,943
189,Field Muff,fmuff58@privacy.gov.au,+7 (479) 362-7882,Russia,$30935.08,347
190,Elvin Simounet,esimounet59@businesswire.com,+7 (775) 116-9826,Russia,$1870.67,782
191,Ambros Dadge,adadge5a@ustream.tv,+7 (700) 995-6374,Russia,$66628.63,806
192,Kaylyn Ferraretto,kferraretto5b@cdbaby.com,+7 (456) 682-4080,Russia,$96618.87,444
193,Stanton MacTague,smactague5c@dailymail.co.uk,+7 (461) 257-2289,Russia,$19469.24,120
194,Godiva Scoone,gscoone5d@nifty.com,+7 (132) 632-1470,Russia,$66984.27,865
195,Grange Milnes,gmilnes5e@example.com,+7 (938) 953-5358,Russia,$19319.47,165
196,Dorita Minero,dminero5f@rediff.com,+7 (185) 437-4811,Russia,$72514.11,655
197,Lianna Skinner,lskinner5g@timesonline.co.uk,+7 (722) 551-5092,Russia,$37336.62,995
198,Elizabet Trinder,etrinder5h@nba.com,+7 (208) 569-9079,Russia,$19681.51,80
199,Ellette MacMenemy,emacmenemy5i@over-blog.com,+7 (602) 264-4795,Russia,$14756.40,108
200,Verine Bohl,vbohl5j@ask.com,+7 (155) 250-4738,Russia,$96676.39,428
201,Britni Paddefield,bpaddefield5k@ning.com,+7 (718) 168-4270,Russia,$65857.28,264
202,Valene Whitbread,vwhitbread5l@deviantart.com,+375 (240) 571-7258,Belarus,$61468.91,516
203,Tomaso Shall,tshall5m@mysql.com,+7 (295) 627-7658,Russia,$33093.50,389
204,Stillmann Wines,swines5n@wired.com,+7 (985) 512-4479,Russia,$1313.27,368
205,Toma Caplis,tcaplis5o@google.fr,+7 (895) 189-2062,Russia,$38326.03,963
206,Walden Parren,wparren5p@microsoft.com,+7 (417) 448-2502,Russia,$91865.40,9
207,Bax Lempke,blempke5q@ihg.com,+1 (291) 218-4496,Canada,$42141.90,46
208,Bunni Drysdall,bdrysdall5r@rakuten.co.jp,+1 (624) 173-1265,Canada,$41772.72,831
209,Alleyn Freen,afreen5s@mit.edu,+7 (402) 512-3461,Russia,$79676.89,252
210,Berkley Drexel,bdrexel5t@spotify.com,+7 (926) 364-8768,Russia,$16811.99,460
211,Sashenka Berrow,sberrow5u@berkeley.edu,+7 (101) 100-6414,Russia,$58338.29,731
212,Brandyn Mathevet,bmathevet5v@jimdo.com,+7 (985) 578-9260,Russia,$48080.84,196
213,Val Housiaux,vhousiaux5w@merriam-webster.com,+1 (611) 886-4798,Canada,$24076.58,273
214,Elia Barszczewski,ebarszczewski5x@irs.gov,+7 (583) 463-9887,Russia,$98284.42,689
215,Shirline Reef,sreef5y@unicef.org,+7 (689) 616-8031,Russia,$7140.30,73
216,Eben Hulme,ehulme5z@purevolume.com,+7 (474) 267-7110,Russia,$99493.69,652
217,Marci Craven,mcraven60@marriott.com,+7 (550) 316-7837,Russia,$82345.90,282
218,Dallas Lanston,dlanston61@artisteer.com,+7 (653) 430-9112,Russia,$18360.65,359
219,Avril Claus,aclaus62@mysql.com,+7 (693) 364-6311,Russia,$65391.16,499
220,Hadria Ragate,hragate63@wikimedia.org,+7 (645) 928-6615,Russia,$71943.51,553
221,Dag Arons,darons64@bigcartel.com,+7 (890) 807-4877,Russia,$86751.27,936
222,Ryan Haggath,rhaggath65@biglobe.ne.jp,+7 (197) 348-2457,Russia,$53582.66,464
223,Shani Duchesne,sduchesne66@loc.gov,+7 (279) 369-8319,Russia,$78780.33,438
224,Quentin Koopman,qkoopman67@foxnews.com,+7 (732) 791-1279,Russia,$42930.63,692
225,Josh Mellhuish,jmellhuish68@wikipedia.org,+7 (172) 654-1232,Russia,$97628.91,922
226,Pinchas Crannell,pcrannell69@hubpages.com,+7 (141) 848-6760,Russia,$95335.69,620
227,Elisha Leitch,eleitch6a@cisco.com,+7 (169) 191-4025,Russia,$80997.94,770
228,Jeremie Farthin,jfarthin6b@comcast.net,+375 (548) 347-5876,Belarus,$14466.54,581
229,Sarena Goor,sgoor6c@etsy.com,+7 (638) 798-0416,Russia,$54142.61,272
230,Hebert Damper,hdamper6d@eventbrite.com,+1 (423) 385-4258,Canada,$37153.99,74
231,Eugenius Tomasian,etomasian6e@phoca.cz,+7 (492) 135-4204,Russia,$23706.38,379
232,Liam Rainard,lrainard6f@dell.com,+7 (635) 958-0244,Russia,$29536.87,628
233,Gisela Jovasevic,gjovasevic6g@sphinn.com,+7 (111) 486-3888,Russia,$18240.23,239
234,Ogdon Fattore,ofattore6h@ucsd.edu,+7 (953) 973-5041,Russia,$5492.25,206
235,Xerxes Hanretty,xhanretty6i@amazon.de,+7 (682) 171-2859,Russia,$40446.57,984
236,Algernon Saunders,asaunders6j@spiegel.de,+7 (566) 495-3993,Russia,$24515.64,921
237,Ellary Bolingbroke,ebolingbroke6k@nps.gov,+7 (737) 926-9448,Russia,$4514.45,793
238,Pancho Strowther,pstrowther6l@washingtonpost.com,+1 (889) 166-5531,Canada,$23785.41,796
239,Teodora Temby,ttemby6m@ameblo.jp,+1 (916) 388-1241,Canada,$35042.71,276
240,Margarete Cush,mcush6n@wufoo.com,+7 (820) 314-8097,Russia,$26014.85,178
241,Korie Rehn,krehn6o@aboutads.info,+7 (159) 836-5989,Russia,$69176.57,208
242,Joell Collelton,jcollelton6p@skype.com,+7 (480) 531-3936,Russia,$206.62,92
243,Jacquenetta Iacovelli,jiacovelli6q@spiegel.de,+7 (235) 916-5564,Russia,$43721.84,395
244,Peyter Kochlin,pkochlin6r@sitemeter.com,+7 (654) 222-6798,Russia,$55275.58,916
245,Tabatha Hofer,thofer6s@google.cn,+7 (422) 791-8457,Russia,$24119.33,119
246,Merwin Slatford,mslatford6t@mail.ru,+7 (625) 160-4051,Russia,$86821.43,436
247,Harcourt Shortell,hshortell6u@yahoo.com,+1 (448) 545-9198,Canada,$16442.52,452
248,Enrika Gyles,egyles6v@quantcast.com,+1 (116) 791-6092,Canada,$1474.10,523
249,Clem Fearfull,cfearfull6w@upenn.edu,+7 (102) 514-9718,Russia,$26373.51,859
250,Juieta Prestie,jprestie6x@mayoclinic.com,+7 (192) 583-5040,Russia,$59033.74,604
251,Olivier Vanshin,ovanshin6y@ebay.com,+7 (106) 178-0255,Russia,$377.46,750
252,Kizzee Redgrove,kredgrove6z@google.com.hk,+7 (947) 803-1724,Russia,$9934.06,155
253,Moishe Belbin,mbelbin70@china.com.cn,+7 (731) 762-6919,Russia,$34656.09,742
254,Haywood Salasar,hsalasar71@booking.com,+7 (329) 621-5937,Russia,$24884.93,435
255,Dory Whales,dwhales72@skyrock.com,+7 (945) 109-7581,Russia,$2979.78,487
256,Mellisa Antcliff,mantcliff73@goo.ne.jp,+7 (920) 658-3598,Russia,$22458.83,476
257,Kaye Presser,kpresser74@amazonaws.com,+1 (706) 514-1765,Canada,$67724.84,923
258,Tobit Cordova,tcordova75@opensource.org,+7 (474) 838-8725,Russia,$95907.42,765
259,Gretal Goranov,ggoranov76@imgur.com,+7 (562) 308-7621,Russia,$70314.28,353
260,Essa Burthom,eburthom77@networksolutions.com,+7 (553) 936-3758,Russia,$19847.72,362
261,Nelie Avrahamian,navrahamian78@comcast.net,+7 (940) 819-0898,Russia,$63453.02,120
262,Cobb Dray,cdray79@time.com,+1 (470) 793-3450,Canada,$40383.13,839
263,Nolana Gisburn,ngisburn7a@icq.com,+7 (108) 442-2137,Russia,$7150.94,913
264,Jacquie Briatt,jbriatt7b@arstechnica.com,+7 (696) 356-2906,Russia,$67411.68,962
265,Flss Painswick,fpainswick7c@eepurl.com,+7 (841) 412-1576,Russia,$8749.13,465
266,Thatcher Delacroix,tdelacroix7d@printfriendly.com,+7 (825) 692-9701,Russia,$23867.33,471
267,Bail McIlharga,bmcilharga7e@noaa.gov,+7 (678) 680-7594,Russia,$26186.49,94
268,Shelley Kas,skas7f@prnewswire.com,+7 (858) 716-9189,Russia,$69904.22,19
269,Abrahan Spaunton,aspaunton7g@cpanel.net,+1 (582) 994-1017,Canada,$96173.61,150
270,Guglielma Forge,gforge7h@yahoo.com,+375 (495) 804-7255,Belarus,$42163.42,271
271,Justino Kightly,jkightly7i@sphinn.com,+7 (888) 236-6317,Russia,$44120.26,424
272,Margret Scargill,mscargill7j@zdnet.com,+7 (263) 118-0985,Russia,$55041.04,224
273,Isaak Coppledike,icoppledike7k@bbc.co.uk,+375 (557) 416-3174,Belarus,$94826.32,22
274,Gabe Bridle,gbridle7l@oakley.com,+1 (830) 988-3593,Canada,$41274.79,751
275,Rice Frowen,rfrowen7m@vimeo.com,+7 (602) 475-3864,Russia,$14601.44,652
276,Sandy Lilburn,slilburn7n@nydailynews.com,+7 (708) 940-8016,Russia,$72770.45,683
277,Kerrie Colbran,kcolbran7o@clickbank.net,+7 (210) 780-3530,Russia,$49646.98,219
278,Danette Kingswold,dkingswold7p@huffingtonpost.com,+7 (233) 356-8660,Russia,$42258.64,955
279,Riki Durek,rdurek7q@bloomberg.com,+7 (614) 995-1703,Russia,$85940.33,618
280,Micheal Rutigliano,mrutigliano7r@ycombinator.com,+7 (379) 488-4835,Russia,$18454.91,880
281,Kimberlee Vian,kvian7s@europa.eu,+7 (763) 256-7650,Russia,$44316.09,515
282,Mace Kohnert,mkohnert7t@springer.com,+7 (615) 466-6684,Russia,$8849.64,55
283,Ariel Raspison,araspison7u@youtube.com,+7 (582) 212-1769,Russia,$38624.29,879
284,Rodolfo Rawcliff,rrawcliff7v@ucla.edu,+7 (528) 597-0265,Russia,$10176.19,316
285,Manuel Wais,mwais7w@goo.gl,+7 (207) 943-6690,Russia,$59187.24,974
286,Garey Tutsell,gtutsell7x@rakuten.co.jp,+375 (853) 417-4638,Belarus,$88883.69,860
287,Staci Cavozzi,scavozzi7y@goodreads.com,+7 (323) 675-2989,Russia,$45414.63,213
288,Buck Sinkins,bsinkins7z@washingtonpost.com,+1 (925) 286-8017,Canada,$63517.65,582
289,Junie Vasyushkhin,jvasyushkhin80@usda.gov,+375 (419) 851-7657,Belarus,$54414.51,291
290,Maxie Piff,mpiff81@issuu.com,+7 (377) 281-1241,Russia,$19907.14,96
291,Goldi Mebes,gmebes82@tuttocitta.it,+1 (354) 321-4112,Canada,$71325.74,909
292,Leroy Josling,ljosling83@infoseek.co.jp,+7 (721) 916-6489,Russia,$75861.96,578
293,Marylin Massey,mmassey84@ovh.net,+7 (280) 991-8762,Russia,$29827.13,24
294,Agretha Giacoppoli,agiacoppoli85@cnbc.com,+1 (887) 864-9873,Canada,$48947.01,129
295,Herschel Haysham,hhaysham86@hexun.com,+7 (705) 383-3644,Russia,$12691.61,463
296,Morey Troak,mtroak87@ehow.com,+7 (268) 687-2104,Russia,$7804.16,879
297,Payton Sketchley,psketchley88@1und1.de,+7 (549) 443-4049,Russia,$16042.92,710
298,Maridel Dransfield,mdransfield89@constantcontact.com,+7 (267) 885-1065,Russia,$10438.86,511
299,Agnes Bront,abront8a@drupal.org,+7 (690) 213-1155,Russia,$485.51,470
300,Kynthia Antczak,kantczak8b@auda.org.au,+7 (571) 888-2948,Russia,$96444.55,69
301,Jacklyn Biagioni,jbiagioni8c@delicious.com,+7 (428) 872-7843,Russia,$15389.21,874
302,Stephanus Baddow,sbaddow8d@reddit.com,+7 (230) 307-3073,Russia,$39353.60,997
303,Ruth Scanlon,rscanlon8e@stanford.edu,+7 (510) 265-5819,Russia,$9163.46,211
304,Murry Bloore,mbloore8f@etsy.com,+7 (651) 562-2900,Russia,$71047.58,538
305,Cloris Baddow,cbaddow8g@topsy.com,+7 (392) 675-6827,Russia,$16121.01,442
306,Giles Deverall,gdeverall8h@ca.gov,+7 (916) 830-0307,Russia,$20190.68,218
307,George Punshon,gpunshon8i@photobucket.com,+7 (658) 195-2306,Russia,$53427.58,864
308,Ezra Cheng,echeng8j@virginia.edu,+7 (881) 395-8174,Russia,$13895.62,216
309,Bobine Pes,bpes8k@amazon.co.uk,+7 (161) 374-5091,Russia,$85689.59,528
310,Maible Chalder,mchalder8l@howstuffworks.com,+7 (985) 229-9044,Russia,$2048.83,88
311,Bob Blenkiron,bblenkiron8m@rediff.com,+7 (772) 165-3091,Russia,$47851.30,370
312,Karia Domange,kdomange8n@i2i.jp,+7 (146) 256-8934,Russia,$35111.83,48
313,Bret Squires,bsquires8o@blogtalkradio.com,+7 (215) 255-2835,Russia,$78117.33,836
314,Jimmy Gout,jgout8p@aboutads.info,+7 (746) 332-7642,Russia,$71737.85,372
315,Lorine Billiard,lbilliard8q@intel.com,+7 (966) 102-4644,Russia,$99460.99,94
316,Dyanne Bigrigg,dbigrigg8r@spiegel.de,+7 (368) 863-5842,Russia,$37877.57,269
317,Bruce Ingles,bingles8s@bloglines.com,+1 (917) 513-9106,Canada,$61730.73,195
318,Eugenio Ponsford,eponsford8t@sphinn.com,+7 (503) 804-2885,Russia,$70429.02,872
319,Herta Hugonneau,hhugonneau8u@comsenz.com,+7 (708) 826-6507,Russia,$15802.21,778
320,Elinor Chesney,echesney8v@archive.org,+7 (712) 511-0334,Russia,$22996.08,979
321,Lauralee Balbeck,lbalbeck8w@telegraph.co.uk,+7 (556) 495-1205,Russia,$75409.46,68
322,Tyson Squibe,tsquibe8x@macromedia.com,+7 (827) 295-3112,Russia,$94366.57,471
323,Donna Gebuhr,dgebuhr8y@mapy.cz,+7 (109) 828-3429,Russia,$78672.31,730
324,Maryann Goosey,mgoosey8z@rakuten.co.jp,+7 (841) 199-3224,Russia,$7413.03,338
325,Anabella Old,aold90@yellowbook.com,+7 (537) 255-7985,Russia,$89916.02,512
326,Kenyon Terbruggen,kterbruggen91@drupal.org,+1 (515) 928-2678,Canada,$24230.71,113
327,Oliviero Ferronier,oferronier92@163.com,+7 (814) 572-9294,Russia,$73754.41,829
328,Lannie Pinyon,lpinyon93@shutterfly.com,+7 (408) 191-1580,Russia,$76239.37,737
329,Noreen Churchley,nchurchley94@mashable.com,+7 (474) 163-7522,Russia,$56419.69,646
330,Reece Farthin,rfarthin95@yale.edu,+7 (196) 695-1886,Russia,$47408.94,126
331,Cobby Garrat,cgarrat96@sitemeter.com,+7 (440) 232-6410,Russia,$69383.00,627
332,Rani Hankey,rhankey97@aol.com,+7 (206) 940-5223,Russia,$52011.28,975
333,Sonnie Newvell,snewvell98@apple.com,+7 (103) 643-6896,Russia,$44231.82,422
334,Bertie Fedorchenko,bfedorchenko99@cnbc.com,+7 (803) 701-1070,Russia,$13433.64,247
335,Ferne Jerrold,fjerrold9a@bing.com,+7 (890) 844-0462,Russia,$99648.33,524
336,Alfi Beseke,abeseke9b@surveymonkey.com,+7 (114) 523-7885,Russia,$10500.49,294
337,Mill Wolford,mwolford9c@boston.com,+7 (584) 811-2624,Russia,$9494.00,718
338,Codie Guillotin,cguillotin9d@hhs.gov,+375 (206) 716-6390,Belarus,$73840.60,40
339,Bellanca O'Hartigan,bohartigan9e@earthlink.net,+7 (569) 544-0297,Russia,$57732.82,888
340,Claudelle MacAlinden,cmacalinden9f@myspace.com,+7 (824) 236-3194,Russia,$90898.38,951
341,Shea Ivashchenko,sivashchenko9g@twitpic.com,+7 (257) 830-4968,Russia,$58069.79,702
342,Willette Spellessy,wspellessy9h@fastcompany.com,+7 (410) 736-5112,Russia,$87100.14,522
343,Ralina Hambling,rhambling9i@guardian.co.uk,+7 (958) 974-0610,Russia,$31797.23,840
344,Arielle Chatel,achatel9j@mediafire.com,+7 (257) 232-0717,Russia,$40547.48,264
345,Murial Killich,mkillich9k@people.com.cn,+7 (907) 314-9322,Russia,$2730.61,604
346,Darrell Northridge,dnorthridge9l@telegraph.co.uk,+7 (722) 337-9470,Russia,$36602.81,984
347,Emily Gourlay,egourlay9m@cpanel.net,+7 (280) 717-9224,Russia,$68777.69,545
348,Egbert Tallow,etallow9n@umich.edu,+7 (105) 576-7880,Russia,$70335.55,29
349,Lurline MacQueen,lmacqueen9o@wikia.com,+7 (887) 243-9320,Russia,$18044.14,836
350,Patty Sharnock,psharnock9p@prweb.com,+7 (116) 458-8925,Russia,$77033.17,449
351,Cad Ismirnioglou,cismirnioglou9q@behance.net,+7 (106) 384-6412,Russia,$66036.65,161
352,Alastair Marcham,amarcham9r@angelfire.com,+7 (230) 683-0715,Russia,$29595.85,856
353,Krista Mogra,kmogra9s@exblog.jp,+7 (168) 947-0203,Russia,$95798.37,204
354,Ninon Gavozzi,ngavozzi9t@i2i.jp,+7 (636) 959-0313,Russia,$5442.23,939
355,Malanie Ockleshaw,mockleshaw9u@clickbank.net,+7 (396) 753-2586,Russia,$32441.93,17
356,Antonie Omond,aomond9v@fc2.com,+7 (786) 351-9288,Russia,$92562.33,176
357,Auberta Bassilashvili,abassilashvili9w@mayoclinic.com,+7 (893) 848-1008,Russia,$56338.82,109
358,Jerri Hertwell,jhertwell9x@symantec.com,+1 (285) 670-9809,Canada,$96609.27,506
359,Patsy Beckles,pbeckles9y@tamu.edu,+7 (881) 619-8579,Russia,$49240.50,962
360,Annamarie Saltmarsh,asaltmarsh9z@flickr.com,+7 (204) 552-2565,Russia,$44637.67,242
361,Joice Privett,jprivetta0@skyrock.com,+1 (564) 655-3947,Canada,$53379.36,478
362,Farley Deuss,fdeussa1@hao123.com,+7 (915) 875-4855,Russia,$97348.37,569
363,Reid Bramah,rbramaha2@latimes.com,+1 (949) 401-0851,Canada,$80843.96,640
364,Yancey Lukehurst,ylukehursta3@live.com,+1 (382) 862-7416,Canada,$85818.78,264
365,Othello Naismith,onaismitha4@skype.com,+7 (718) 756-5899,Russia,$93871.98,624
366,Analise Vatini,avatinia5@hud.gov,+7 (255) 713-5809,Russia,$51521.27,128
367,Gayle Davisson,gdavissona6@example.com,+7 (162) 272-8604,Russia,$69529.26,567
368,Leroi Kix,lkixa7@canalblog.com,+7 (629) 755-4842,Russia,$14776.70,876
369,Rutter Vercruysse,rvercruyssea8@arizona.edu,+1 (176) 815-5185,Canada,$60155.45,209
370,Shirleen Oldall,soldalla9@t-online.de,+7 (451) 222-2838,Russia,$51601.03,793
371,Babb Durtnal,bdurtnalaa@artisteer.com,+7 (951) 911-3700,Russia,$96300.66,283
372,Kimmy Iorillo,kiorilloab@newsvine.com,+7 (198) 728-8543,Russia,$37167.93,233
373,Chaim Watkin,cwatkinac@ycombinator.com,+7 (295) 469-9492,Russia,$58414.41,168
374,Kelby Kindread,kkindreadad@time.com,+375 (684) 565-9301,Belarus,$40960.66,368
375,Fleming Melrose,fmelroseae@friendfeed.com,+7 (411) 507-9354,Russia,$63716.15,1000
376,Bethina Hydes,bhydesaf@paypal.com,+7 (189) 198-9293,Russia,$62484.95,417
377,Deena Broadbury,dbroadburyag@psu.edu,+7 (665) 244-2639,Russia,$48348.55,331
378,Brana Alvey,balveyah@quantcast.com,+7 (852) 313-0879,Russia,$13394.18,205
379,Darn Bennetto,dbennettoai@whitehouse.gov,+375 (234) 714-9181,Belarus,$4002.95,284
380,Valene McClarence,vmcclarenceaj@jigsy.com,+7 (200) 324-7190,Russia,$13326.10,779
381,Banky Beavors,bbeavorsak@dropbox.com,+7 (888) 391-2339,Russia,$9438.80,159
382,Carina Van der Hoeven,cvanal@cmu.edu,+1 (485) 917-7569,Canada,$33501.62,94
383,Leonelle Clinning,lclinningam@biblegateway.com,+7 (583) 847-0683,Russia,$39355.25,989
384,Chris Lamplough,clamploughan@weather.com,+1 (790) 902-8650,Canada,$92475.64,958
385,Jania Gascar,jgascarao@home.pl,+7 (808) 993-2241,Russia,$46622.80,733
386,Perle Riall,priallap@google.ca,+1 (925) 986-5569,Canada,$39928.43,297
387,Land Tripe,ltripeaq@moonfruit.com,+7 (420) 219-7286,Russia,$86452.43,7
388,Sergei Hathorn,shathornar@go.com,+1 (764) 942-9690,Canada,$34520.18,611
389,Blanch Kyle,bkyleas@shareasale.com,+375 (433) 441-2135,Belarus,$16350.24,373
390,Vergil Pitkaithly,vpitkaithlyat@digg.com,+375 (907) 276-1242,Belarus,$78976.14,743
391,Lissi Commuzzo,lcommuzzoau@360.cn,+7 (740) 464-0593,Russia,$26066.83,862
392,Eustacia Marchent,emarchentav@timesonline.co.uk,+7 (736) 926-4833,Russia,$19871.31,490
393,Raff Doust,rdoustaw@loc.gov,+7 (535) 460-8409,Russia,$2367.42,848
394,Claudia Asplin,casplinax@time.com,+7 (965) 819-1658,Russia,$51749.46,717
395,Nathanil Rands,nrandsay@webs.com,+1 (760) 825-6199,Canada,$98680.45,419
396,Gardy Clew,gclewaz@blogger.com,+7 (194) 888-1201,Russia,$21146.72,151
397,Donny Nurden,dnurdenb0@ibm.com,+7 (369) 960-4124,Russia,$43828.10,603
398,Aila Demogeot,ademogeotb1@360.cn,+7 (129) 542-9498,Russia,$41198.57,599
399,Amii Jaher,ajaherb2@angelfire.com,+7 (285) 178-8887,Russia,$28862.42,902
400,Rosanne Giacopetti,rgiacopettib3@nih.gov,+375 (940) 679-6736,Belarus,$12994.88,476
401,Obadiah Bransby,obransbyb4@printfriendly.com,+375 (297) 230-8304,Belarus,$81726.74,595
402,Chastity Harriott,charriottb5@nps.gov,+1 (298) 163-2215,Canada,$25727.17,928
403,Adrianna Dugan,aduganb6@nps.gov,+1 (117) 890-9709,Canada,$79420.59,295
404,Herman Cowle,hcowleb7@go.com,+7 (771) 416-1083,Russia,$89259.02,120
405,Dennie Comer,dcomerb8@google.com.au,+7 (484) 839-3549,Russia,$76105.97,646
406,Wendall Blacksland,wblackslandb9@blog.com,+1 (513) 647-7526,Canada,$23190.32,198
407,Katherina Cheater,kcheaterba@abc.net.au,+7 (333) 185-4288,Russia,$48797.02,917
408,Chantal Jefferys,cjefferysbb@barnesandnoble.com,+7 (522) 674-6898,Russia,$6392.31,983
409,Jacques Gorry,jgorrybc@goodreads.com,+1 (834) 920-6815,Canada,$12039.51,883
410,Skipper Smitton,ssmittonbd@about.com,+7 (628) 796-4152,Russia,$36340.47,256
411,Rania Headech,rheadechbe@samsung.com,+7 (179) 219-2969,Russia,$78559.19,469
412,Becki Chittem,bchittembf@weibo.com,+7 (459) 441-1482,Russia,$80253.61,722
413,Cynthie Chomley,cchomleybg@deliciousdays.com,+7 (790) 881-0156,Russia,$52436.72,569
414,Siouxie Guilloux,sguillouxbh@kickstarter.com,+7 (848) 153-2957,Russia,$32534.19,80
415,Duffy Gabbott,dgabbottbi@marriott.com,+7 (510) 669-5018,Russia,$73639.81,729
416,Win Lumox,wlumoxbj@yandex.ru,+7 (342) 617-8151,Russia,$33027.11,913
417,Ahmed Ruggieri,aruggieribk@infoseek.co.jp,+7 (619) 305-9828,Russia,$8252.58,603
418,Lexy Morilla,lmorillabl@123-reg.co.uk,+7 (537) 434-0217,Russia,$79639.30,820
419,Yule Custance,ycustancebm@list-manage.com,+7 (642) 503-9894,Russia,$20657.10,381
420,Cacilie Buff,cbuffbn@pen.io,+7 (182) 569-1475,Russia,$58712.67,621
421,Rufe Soares,rsoaresbo@webeden.co.uk,+1 (587) 584-6253,Canada,$14031.34,208
422,Chan Greaser,cgreaserbp@oaic.gov.au,+7 (437) 509-4535,Russia,$46680.68,453
423,Logan Da Costa,ldabq@tmall.com,+7 (226) 141-2131,Russia,$40139.09,742
424,Nollie Grebert,ngrebertbr@utexas.edu,+7 (499) 933-5074,Russia,$93108.58,2
425,Tanner Gloves,tglovesbs@digg.com,+375 (436) 676-8188,Belarus,$62158.61,918
426,Cybill Windham,cwindhambt@theatlantic.com,+1 (622) 230-2146,Canada,$78016.98,299
427,Janel McDonagh,jmcdonaghbu@noaa.gov,+7 (632) 707-5250,Russia,$36906.35,742
428,Cele Bettridge,cbettridgebv@free.fr,+7 (342) 885-1479,Russia,$82720.81,248
429,Fabien Pennetti,fpennettibw@wunderground.com,+375 (826) 365-1881,Belarus,$89131.69,131
430,Adrea Venditto,avendittobx@wordpress.com,+7 (691) 845-9773,Russia,$10695.06,224
431,Angelle Healey,ahealeyby@disqus.com,+1 (701) 106-6384,Canada,$40484.30,799
432,Raoul Bigland,rbiglandbz@addthis.com,+7 (422) 246-3317,Russia,$44410.47,113
433,Kenon Bignold,kbignoldc0@people.com.cn,+7 (382) 392-3162,Russia,$55034.33,538
434,Forrest Colegrove,fcolegrovec1@mapy.cz,+1 (471) 385-4638,Canada,$11311.58,885
435,Teresita Crosser,tcrosserc2@gizmodo.com,+7 (575) 814-2180,Russia,$92152.97,934
436,Arri Shankster,ashanksterc3@sciencedirect.com,+7 (759) 640-0317,Russia,$14969.53,969
437,Elsi Stiles,estilesc4@eepurl.com,+7 (651) 939-4092,Russia,$49947.25,644
438,Alleyn Adshad,aadshadc5@plala.or.jp,+375 (377) 833-0964,Belarus,$31848.22,431
439,Bryna Nulty,bnultyc6@admin.ch,+7 (306) 758-4389,Russia,$68719.20,639
440,Hillary Angrick,hangrickc7@comsenz.com,+7 (891) 960-0034,Russia,$5337.96,978
441,Armstrong Berridge,aberridgec8@behance.net,+1 (172) 329-9179,Canada,$3170.56,880
442,Gerladina Wyd,gwydc9@craigslist.org,+7 (580) 512-7196,Russia,$21753.95,639
443,Tracy Trever,ttreverca@alibaba.com,+7 (454) 840-0700,Russia,$89791.82,725
444,Jude Oleszcuk,joleszcukcb@wunderground.com,+7 (948) 373-6992,Russia,$77739.14,395
445,Sawyer Robak,srobakcc@cbsnews.com,+7 (936) 949-4863,Russia,$14102.67,850
446,Cristian Bygate,cbygatecd@comsenz.com,+7 (576) 713-2854,Russia,$12390.57,51
447,Margot Connue,mconnuece@apple.com,+1 (954) 102-1239,Canada,$90242.71,247
448,Zita Loftie,zloftiecf@usatoday.com,+7 (765) 912-4820,Russia,$92513.05,260
449,Deina Gerbi,dgerbicg@aboutads.info,+1 (841) 178-4884,Canada,$98809.90,42
450,Allistir Eastman,aeastmanch@admin.ch,+7 (148) 467-5970,Russia,$72832.41,903
451,Debi Scholcroft,dscholcroftci@ted.com,+7 (808) 362-0880,Russia,$9500.81,626
452,Sigvard Rubie,srubiecj@youku.com,+7 (320) 869-0438,Russia,$59417.33,814
453,Kory Vedntyev,kvedntyevck@artisteer.com,+7 (572) 538-4896,Russia,$17128.84,241
454,Rosette Ludovico,rludovicocl@ebay.co.uk,+7 (898) 129-1611,Russia,$22905.06,456
455,Kristofor Mogenot,kmogenotcm@upenn.edu,+7 (541) 243-3860,Russia,$78362.12,413
456,Filia Keilloh,fkeillohcn@cisco.com,+375 (349) 187-1776,Belarus,$79826.58,476
457,Letisha Maund,lmaundco@twitpic.com,+7 (280) 909-7372,Russia,$87574.18,881
458,Yasmeen Peddowe,ypeddowecp@businessinsider.com,+7 (666) 857-3122,Russia,$69111.50,236
459,Vasily McPaike,vmcpaikecq@wired.com,+1 (328) 671-8142,Canada,$70244.13,975
460,Sapphira Fancett,sfancettcr@edublogs.org,+7 (174) 638-5762,Russia,$10876.12,945
461,Maggi Kibblewhite,mkibblewhitecs@princeton.edu,+7 (476) 154-5524,Russia,$29335.18,792
462,Benjy Fleg,bflegct@arizona.edu,+7 (814) 269-7347,Russia,$42978.83,94
463,Niki Hyndes,nhyndescu@nbcnews.com,+7 (929) 184-0770,Russia,$88152.64,225
464,Malinde Tefft,mtefftcv@sbwire.com,+1 (898) 972-1072,Canada,$81253.66,422
465,Baryram Pollak,bpollakcw@ucsd.edu,+7 (950) 649-4065,Russia,$63694.77,830
466,Diane-marie Vasishchev,dvasishchevcx@newsvine.com,+375 (886) 108-1067,Belarus,$37239.00,974
467,Ignatius Krysztofiak,ikrysztofiakcy@google.pl,+7 (678) 508-8135,Russia,$57961.70,346
468,Horatius Bour,hbourcz@sakura.ne.jp,+7 (805) 139-6711,Russia,$45301.27,541
469,Austina Labat,alabatd0@studiopress.com,+7 (575) 482-7918,Russia,$81701.90,293
470,Quintin Cardenosa,qcardenosad1@prlog.org,+375 (470) 681-1270,Belarus,$65711.56,332
471,Cyril Gayton,cgaytond2@examiner.com,+7 (439) 677-7396,Russia,$18708.36,538
472,Tristan Tims,ttimsd3@slashdot.org,+7 (137) 358-4572,Russia,$87083.40,827
473,Frieda Confort,fconfortd4@google.com.hk,+7 (650) 127-6760,Russia,$57817.82,680
474,Sergeant Gregori,sgregorid5@icio.us,+7 (719) 226-9441,Russia,$76013.27,8
475,Tadeo De Gouy,tded6@quantcast.com,+7 (359) 104-6499,Russia,$64552.33,459
476,Andree Piddlehinton,apiddlehintond7@seesaa.net,+7 (682) 281-7808,Russia,$38878.75,429
477,Isobel Bruhnke,ibruhnked8@washington.edu,+7 (590) 227-2664,Russia,$85788.45,832
478,Bernie Burchatt,bburchattd9@is.gd,+7 (598) 899-3972,Russia,$35598.44,294
479,Alvera Chadwyck,achadwyckda@house.gov,+7 (381) 137-1847,Russia,$46549.26,387
480,Hermione Ashtonhurst,hashtonhurstdb@google.com.au,+7 (778) 208-7055,Russia,$27663.62,94
481,Iolande Bellard,ibellarddc@eventbrite.com,+7 (143) 546-2126,Russia,$47107.51,721
482,Peri Mulleary,pmullearydd@free.fr,+7 (823) 245-4878,Russia,$1685.43,380
483,Rowena Llewellen,rllewellende@taobao.com,+1 (911) 643-4673,Canada,$55720.60,197
484,Waite Damato,wdamatodf@nhs.uk,+375 (231) 771-3295,Belarus,$46244.33,875
485,Sancho Hinder,shinderdg@shinystat.com,+1 (233) 141-3320,Canada,$2293.23,787
486,Murry Wheelband,mwheelbanddh@biblegateway.com,+375 (902) 183-9748,Belarus,$33536.82,142
487,Culver Jaimez,cjaimezdi@netlog.com,+7 (925) 320-1939,Russia,$83719.95,399
488,Jesselyn Idel,jideldj@nba.com,+7 (477) 494-9534,Russia,$17105.62,758
489,Kristi Dearl,kdearldk@intel.com,+1 (352) 113-6254,Canada,$13129.49,993
490,Gusty Earp,gearpdl@stanford.edu,+7 (974) 386-7419,Russia,$39553.18,729
491,Berky Norquoy,bnorquoydm@newsvine.com,+7 (885) 546-1046,Russia,$18772.43,413
492,Lu Banbridge,lbanbridgedn@jalbum.net,+1 (471) 259-2004,Canada,$54185.63,43
493,Moise Larret,mlarretdo@aol.com,+7 (487) 394-6759,Russia,$30340.59,26
494,Teddi Stickins,tstickinsdp@rakuten.co.jp,+7 (790) 404-2628,Russia,$52705.72,802
495,Jan Mowat,jmowatdq@last.fm,+7 (671) 851-7329,Russia,$78134.22,861
496,Tomaso Fotherby,tfotherbydr@sakura.ne.jp,+7 (480) 195-0561,Russia,$26701.33,462
497,Merill Swire,mswireds@answers.com,+7 (950) 830-2798,Russia,$26784.91,589
498,Laetitia McGreay,lmcgreaydt@1und1.de,+7 (485) 178-4435,Russia,$40691.04,114
499,Kylynn McGirl,kmcgirldu@ycombinator.com,+1 (618) 728-6113,Canada,$47397.39,147
500,Bartlet Binning,bbinningdv@admin.ch,+7 (434) 782-7192,Russia,$11431.02,658
501,Gill Martensen,gmartensendw@nba.com,+7 (227) 429-2580,Russia,$53161.48,373
502,Clair Tomaschke,ctomaschkedx@bizjournals.com,+7 (524) 157-5488,Russia,$58667.17,473
503,Bealle Aslum,baslumdy@networksolutions.com,+7 (418) 779-5548,Russia,$90727.40,500
504,Dolli Langtry,dlangtrydz@yahoo.co.jp,+7 (169) 734-0019,Russia,$9819.59,138
505,Kliment Hasslocher,khasslochere0@mtv.com,+7 (842) 989-3790,Russia,$96640.51,87
506,Grannie Irving,girvinge1@nhs.uk,+7 (464) 116-7782,Russia,$67812.18,187
507,Vere Seeborne,vseebornee2@clickbank.net,+375 (216) 442-1153,Belarus,$11816.47,917
508,Tailor Malden,tmaldene3@webnode.com,+7 (593) 756-5575,Russia,$80467.64,194
509,Aila Bernaldez,abernaldeze4@sakura.ne.jp,+7 (559) 517-1010,Russia,$45569.77,631
510,Noel Bentson,nbentsone5@istockphoto.com,+7 (432) 419-2848,Russia,$98875.15,510
511,Idelle Tixall,itixalle6@deviantart.com,+7 (251) 728-6518,Russia,$87664.72,269
512,Dreddy Cahalan,dcahalane7@indiegogo.com,+7 (645) 266-5143,Russia,$92600.05,981
513,Briant Jirusek,bjiruseke8@cornell.edu,+1 (471) 960-4964,Canada,$65920.59,807
514,Donni Dugget,dduggete9@webs.com,+7 (412) 113-2296,Russia,$93764.94,705
515,Abbey Roston,arostonea@over-blog.com,+7 (216) 152-5387,Russia,$2852.28,975
516,Nicola Roland,nrolandeb@feedburner.com,+7 (768) 610-9204,Russia,$95523.50,317
517,Elfreda Argyle,eargyleec@1688.com,+7 (202) 801-7796,Russia,$94860.44,490
518,Kiley Franklen,kfranklened@freewebs.com,+1 (606) 370-5982,Canada,$78458.75,295
519,Aldwin Eitter,aeitteree@163.com,+7 (749) 274-4920,Russia,$81476.75,635
520,Shaine Kennermann,skennermannef@discuz.net,+7 (698) 464-1851,Russia,$48547.45,210
521,Mabelle Blything,mblythingeg@mozilla.com,+7 (311) 416-2379,Russia,$42157.27,359
522,Fonsie Corner,fcornereh@economist.com,+1 (708) 114-9494,Canada,$88060.26,702
523,Brina Browse,bbrowseei@wiley.com,+7 (360) 871-1548,Russia,$56272.61,971
524,Penelopa Dunnico,pdunnicoej@hexun.com,+1 (986) 457-2859,Canada,$13262.33,807
525,Grissel Christauffour,gchristauffourek@cornell.edu,+7 (211) 818-9781,Russia,$99162.45,697
526,Charles Trusse,ctrusseel@eepurl.com,+1 (850) 280-7383,Canada,$65969.08,582
527,Fidelia Stoaks,fstoaksem@npr.org,+7 (675) 715-8198,Russia,$76884.95,697
528,Anabal Stanyon,astanyonen@github.io,+1 (695) 606-0579,Canada,$9057.30,741
529,Peg MacKereth,pmackeretheo@ameblo.jp,+1 (323) 490-0798,Canada,$87157.50,900
530,Merill Molines,mmolinesep@irs.gov,+7 (441) 518-6346,Russia,$19288.25,954
531,Bartlet MacCaughen,bmaccaugheneq@twitpic.com,+7 (504) 795-7677,Russia,$8483.55,280
532,Moshe Pluthero,mplutheroer@nba.com,+7 (436) 135-6763,Russia,$52297.13,988
533,Willabella Harbin,wharbines@springer.com,+1 (769) 394-9157,Canada,$96286.06,720
534,Dominica Luney,dluneyet@tinypic.com,+7 (785) 532-9173,Russia,$33806.16,75
535,Monah Fountian,mfountianeu@moonfruit.com,+7 (945) 553-2912,Russia,$48766.58,452
536,Goldia Gaitung,ggaitungev@taobao.com,+7 (159) 452-1097,Russia,$64420.17,267
537,Sophia Letten,slettenew@paypal.com,+7 (867) 112-3247,Russia,$77205.13,805
538,Hobard Critoph,hcritophex@wisc.edu,+375 (331) 196-4249,Belarus,$65095.42,561
539,Rosalinde Shorrock,rshorrockey@dion.ne.jp,+7 (505) 568-6575,Russia,$13680.36,55
540,Evey Daouze,edaouzeez@prnewswire.com,+7 (487) 634-3660,Russia,$10674.83,276
541,Maurizio Akker,makkerf0@google.nl,+7 (791) 707-0064,Russia,$43269.85,669
542,Annetta Catenot,acatenotf1@desdev.cn,+7 (143) 961-3987,Russia,$64458.93,636
543,Reinhold Badsey,rbadseyf2@mtv.com,+7 (446) 833-2711,Russia,$27130.69,303
544,Elijah Townes,etownesf3@ibm.com,+7 (305) 366-6139,Russia,$81724.82,298
545,Janeczka Gustus,jgustusf4@netlog.com,+7 (173) 568-6456,Russia,$21618.17,169
546,Maire Dodgson,mdodgsonf5@kickstarter.com,+7 (643) 389-7003,Russia,$19015.12,410
547,Moses Wingeat,mwingeatf6@mozilla.org,+375 (761) 337-5663,Belarus,$86406.78,844
548,Normie Kingcote,nkingcotef7@state.tx.us,+7 (357) 547-2422,Russia,$25064.90,185
549,Ludovika Lownds,llowndsf8@statcounter.com,+7 (178) 256-9674,Russia,$75964.43,996
550,Mimi Adess,madessf9@java.com,+7 (893) 799-0943,Russia,$83892.36,71
551,Bradney Rossetti,brossettifa@etsy.com,+7 (219) 890-8537,Russia,$34355.96,821
552,Collin Sines,csinesfb@ustream.tv,+7 (166) 487-2718,Russia,$21618.82,258
553,Morgen Epgrave,mepgravefc@facebook.com,+7 (112) 179-9129,Russia,$9875.92,682
554,Wilona Keenor,wkeenorfd@aol.com,+7 (151) 218-7516,Russia,$41419.24,997
555,Rollo Butcher,rbutcherfe@goodreads.com,+7 (447) 675-2164,Russia,$14521.35,784
556,Octavia Goldsberry,ogoldsberryff@sourceforge.net,+7 (478) 554-8424,Russia,$99869.09,846
557,Gilly Cade,gcadefg@myspace.com,+7 (543) 809-7122,Russia,$29090.25,910
558,Alexi Trevear,atrevearfh@about.me,+7 (843) 462-7365,Russia,$77238.67,944
559,Althea Bree,abreefi@msu.edu,+7 (423) 506-9265,Russia,$9759.30,502
560,Pippa Fratczak,pfratczakfj@illinois.edu,+7 (577) 485-2821,Russia,$27544.34,523
561,Patrice MacCombe,pmaccombefk@devhub.com,+1 (341) 669-7107,Canada,$95843.38,882
562,Etienne Brokenbrow,ebrokenbrowfl@1688.com,+1 (584) 912-1638,Canada,$79662.01,995
563,Ethan Simonyi,esimonyifm@patch.com,+7 (803) 730-0295,Russia,$74644.25,223
564,Porter Wanderschek,pwanderschekfn@omniture.com,+375 (159) 463-6012,Belarus,$76612.41,621
565,Valeda Eisenberg,veisenbergfo@dell.com,+7 (802) 642-8115,Russia,$83908.57,745
566,Guillermo Veryan,gveryanfp@chron.com,+7 (962) 849-5063,Russia,$98217.87,346
567,Barth Spolton,bspoltonfq@japanpost.jp,+7 (685) 452-1585,Russia,$53291.04,382
568,Paten Iseton,pisetonfr@google.com.au,+7 (614) 800-0890,Russia,$11584.12,202
569,Rollo Befroy,rbefroyfs@friendfeed.com,+7 (350) 327-0606,Russia,$67577.53,569
570,Wain Epinoy,wepinoyft@ox.ac.uk,+7 (598) 625-8714,Russia,$87993.29,898
571,Cally Beeswing,cbeeswingfu@php.net,+7 (562) 892-3264,Russia,$45714.63,418
572,Petronilla Dulwich,pdulwichfv@howstuffworks.com,+7 (332) 720-5644,Russia,$80848.00,553
573,Hank Posselt,hposseltfw@ehow.com,+7 (314) 876-9318,Russia,$76736.87,836
574,Etheline Romagosa,eromagosafx@boston.com,+7 (378) 723-4427,Russia,$81721.18,152
575,Ulrich Maffey,umaffeyfy@phpbb.com,+7 (681) 948-2183,Russia,$22807.15,971
576,Fabio Grindle,fgrindlefz@cam.ac.uk,+7 (414) 963-0313,Russia,$99200.24,537
577,Lazarus Robathon,lrobathong0@ihg.com,+375 (710) 627-7633,Belarus,$48029.03,814
578,Kriste Prendiville,kprendivilleg1@fda.gov,+7 (294) 248-3711,Russia,$58423.44,479
579,Jodee Folkes,jfolkesg2@bbb.org,+1 (597) 588-0026,Canada,$79710.80,746
580,Timmy Berns,tbernsg3@biblegateway.com,+1 (499) 826-7715,Canada,$19463.95,178
581,Ddene Dell Casa,ddellg4@smugmug.com,+7 (247) 168-7007,Russia,$1453.62,723
582,Aylmar Zannini,azanninig5@people.com.cn,+1 (142) 893-2805,Canada,$31523.35,564
583,Georgette Frost,gfrostg6@timesonline.co.uk,+1 (812) 455-4149,Canada,$28928.20,117
584,Nikaniki Fernandes,nfernandesg7@auda.org.au,+7 (294) 258-7492,Russia,$39277.73,259
585,Matteo Beever,mbeeverg8@webs.com,+7 (707) 552-6259,Russia,$90940.26,978
586,Saleem Greaterex,sgreaterexg9@cbsnews.com,+7 (902) 178-9946,Russia,$22990.71,421
587,Reinhold Blaszczak,rblaszczakga@i2i.jp,+7 (687) 737-5525,Russia,$67468.17,833
588,Gwynne Graddon,ggraddongb@imdb.com,+7 (442) 731-5431,Russia,$43198.92,468
589,Pail Alison,palisongc@flickr.com,+7 (514) 307-3491,Russia,$44384.00,808
590,Ab Ody,aodygd@sphinn.com,+7 (568) 177-0423,Russia,$96207.82,11
591,Wayne Maddinon,wmaddinonge@barnesandnoble.com,+7 (364) 995-1082,Russia,$21519.49,39
592,Rici Dmitrienko,rdmitrienkogf@oracle.com,+7 (440) 858-1873,Russia,$13166.76,24
593,Cassandra Skeel,cskeelgg@slate.com,+7 (378) 998-3839,Russia,$42962.10,105
594,Alida Philipeau,aphilipeaugh@issuu.com,+7 (328) 189-9407,Russia,$66215.73,96
595,Moshe Gavaghan,mgavaghangi@domainmarket.com,+7 (294) 921-4213,Russia,$5434.23,259
596,Toiboid Troy,ttroygj@howstuffworks.com,+7 (331) 504-1365,Russia,$45538.69,497
597,Yorke Disdel,ydisdelgk@bizjournals.com,+7 (881) 447-8914,Russia,$40357.96,844
598,Burtie Bevir,bbevirgl@foxnews.com,+7 (754) 845-2712,Russia,$75374.90,535
599,Heddie Paeckmeyer,hpaeckmeyergm@bandcamp.com,+7 (636) 495-3523,Russia,$19591.80,775
600,Raleigh Whiten,rwhitengn@forbes.com,+7 (433) 898-9406,Russia,$97650.38,850
601,Adorne Jakovijevic,ajakovijevicgo@hubpages.com,+1 (631) 340-9258,Canada,$46825.04,782
602,Jason Baskerville,jbaskervillegp@hubpages.com,+375 (451) 113-7958,Belarus,$87634.03,875
603,Brion Barthelme,bbarthelmegq@angelfire.com,+7 (470) 279-4833,Russia,$18291.92,276
604,Wayland Lesaunier,wlesauniergr@craigslist.org,+7 (665) 275-1113,Russia,$33013.54,105
605,Bryan Ropert,bropertgs@yellowpages.com,+7 (226) 119-1848,Russia,$42228.41,625
606,Lainey Montilla,lmontillagt@domainmarket.com,+7 (461) 720-4022,Russia,$57158.76,926
607,Verina Staner,vstanergu@comsenz.com,+7 (616) 311-7609,Russia,$25091.04,433
608,Robert Reoch,rreochgv@cyberchimps.com,+1 (163) 410-4372,Canada,$44001.69,293
609,Lidia Grimsdell,lgrimsdellgw@hibu.com,+7 (357) 697-8280,Russia,$41653.33,218
610,Hamlen Tremoille,htremoillegx@hubpages.com,+1 (244) 113-1582,Canada,$14145.13,234
611,Christyna Folger,cfolgergy@imageshack.us,+7 (295) 744-4636,Russia,$93082.53,502
612,Chick Clemmett,cclemmettgz@businessweek.com,+7 (410) 108-8704,Russia,$99529.52,300
613,Bunnie Nystrom,bnystromh0@wikia.com,+7 (519) 288-3662,Russia,$7603.83,916
614,Forest Sondon,fsondonh1@github.io,+7 (298) 632-2896,Russia,$35492.17,479
615,Jinny Camacho,jcamachoh2@forbes.com,+7 (878) 486-2308,Russia,$70371.73,90
616,Cassandra Laverenz,claverenzh3@amazon.com,+7 (851) 497-6300,Russia,$47227.87,290
617,Johnette Croxton,jcroxtonh4@rediff.com,+7 (456) 312-2097,Russia,$95839.48,174
618,Aurore Shropsheir,ashropsheirh5@cafepress.com,+7 (833) 829-1114,Russia,$22679.48,626
619,Earlie Darrow,edarrowh6@tmall.com,+7 (805) 492-9603,Russia,$55295.11,217
620,Renaldo Stiggles,rstigglesh7@gravatar.com,+7 (831) 701-0484,Russia,$87806.72,774
621,Ches Austick,caustickh8@si.edu,+7 (623) 176-1537,Russia,$33103.22,454
622,Sabrina Kiddey,skiddeyh9@imdb.com,+7 (528) 993-2138,Russia,$24747.67,721
623,Corbett Janaszewski,cjanaszewskiha@myspace.com,+7 (743) 286-2349,Russia,$87124.77,422
624,Eric Brownsword,ebrownswordhb@google.fr,+7 (786) 739-6857,Russia,$80042.70,742
625,Dallas Bediss,dbedisshc@nationalgeographic.com,+7 (978) 727-0567,Russia,$36519.42,339
626,Alonzo O'Gormley,aogormleyhd@blinklist.com,+7 (403) 931-5695,Russia,$91286.77,912
627,Zacherie Feander,zfeanderhe@sina.com.cn,+7 (810) 278-4387,Russia,$45092.09,467
628,Muriel Search,msearchhf@opensource.org,+7 (472) 559-9242,Russia,$40960.55,400
629,Vale Donnan,vdonnanhg@elegantthemes.com,+7 (964) 742-1630,Russia,$163.79,639
630,Peadar Tonnesen,ptonnesenhh@ted.com,+7 (976) 482-9171,Russia,$86625.65,839
631,Sarge Ferreri,sferrerihi@hugedomains.com,+7 (988) 285-0751,Russia,$27975.13,782
632,Kala Samarth,ksamarthhj@squidoo.com,+7 (713) 136-7552,Russia,$52374.93,584
633,Lyda Giabucci,lgiabuccihk@gravatar.com,+7 (481) 457-0398,Russia,$92645.33,884
634,Kimberly Gritten,kgrittenhl@ovh.net,+1 (645) 949-3546,Canada,$43382.52,909
635,Gusti Bartlomieczak,gbartlomieczakhm@nydailynews.com,+7 (781) 487-8359,Russia,$70619.56,160
636,Ramonda Keyse,rkeysehn@delicious.com,+7 (851) 667-7284,Russia,$1102.01,844
637,Dante Yelden,dyeldenho@google.com.hk,+7 (763) 272-7417,Russia,$69445.52,720
638,Arne MacAnellye,amacanellyehp@jimdo.com,+7 (584) 570-0248,Russia,$71585.22,916
639,Malchy Harkes,mharkeshq@barnesandnoble.com,+1 (931) 754-9553,Canada,$26521.79,239
640,Ilsa Sumption,isumptionhr@tmall.com,+7 (613) 280-7944,Russia,$65263.33,579
641,Masha Cropper,mcropperhs@yellowbook.com,+7 (243) 686-4876,Russia,$93059.84,947
642,Wilbert Malpas,wmalpasht@netlog.com,+1 (367) 626-4368,Canada,$8574.19,310
643,Iain Itzak,iitzakhu@utexas.edu,+7 (140) 311-1716,Russia,$2008.21,456
644,Sarette Darwen,sdarwenhv@symantec.com,+7 (329) 342-2198,Russia,$70773.53,482
645,Tani Ciobotaro,tciobotarohw@opensource.org,+7 (160) 794-7716,Russia,$65176.83,905
646,Wilma Margery,wmargeryhx@noaa.gov,+7 (606) 806-6790,Russia,$37311.40,481
647,Farr Muddiman,fmuddimanhy@netscape.com,+7 (135) 295-0199,Russia,$6034.03,822
648,Stephenie Leng,slenghz@imgur.com,+7 (292) 403-2537,Russia,$38970.34,558
649,Erena Guilloton,eguillotoni0@theatlantic.com,+7 (867) 241-1280,Russia,$26080.98,418
650,Allx Woodyer,awoodyeri1@simplemachines.org,+7 (337) 416-2235,Russia,$96943.65,263
651,Diahann Castenda,dcastendai2@theatlantic.com,+7 (688) 261-5142,Russia,$29240.40,396
652,Colline Tomashov,ctomashovi3@spiegel.de,+7 (569) 109-1762,Russia,$47389.07,683
653,Price Treker,ptrekeri4@blogspot.com,+7 (633) 175-6997,Russia,$23363.90,932
654,Callean Onge,congei5@archive.org,+7 (467) 906-9687,Russia,$53248.40,631
655,Valeda Lynagh,vlynaghi6@arizona.edu,+7 (127) 914-0561,Russia,$36307.16,763
656,Gram Dunton,gduntoni7@naver.com,+7 (130) 850-3071,Russia,$81019.24,459
657,Luther Crossfeld,lcrossfeldi8@newsvine.com,+1 (806) 763-3722,Canada,$3040.16,791
658,Armando Broadhead,abroadheadi9@devhub.com,+7 (300) 108-0251,Russia,$93229.74,492
659,Paco McCoveney,pmccoveneyia@nsw.gov.au,+7 (191) 802-2200,Russia,$41204.14,196
660,Helaina Lambart,hlambartib@bing.com,+7 (997) 435-6572,Russia,$64304.79,559
661,Evangelia Renehan,erenehanic@examiner.com,+7 (999) 674-4057,Russia,$7726.77,88
662,Winnie Domoney,wdomoneyid@oracle.com,+7 (272) 698-8192,Russia,$14245.49,874
663,Mariel Whittuck,mwhittuckie@ft.com,+7 (314) 110-8741,Russia,$62866.53,295
664,Kristoforo Garnsworth,kgarnsworthif@last.fm,+7 (186) 236-8495,Russia,$69040.46,162
665,Rudolph Houlton,rhoultonig@adobe.com,+1 (255) 209-1503,Canada,$95634.15,803
666,Ives Sibbit,isibbitih@vinaora.com,+7 (874) 613-6328,Russia,$38956.70,277
667,Peder Ovendale,povendaleii@latimes.com,+7 (215) 767-7791,Russia,$77365.19,988
668,Kristin Julian,kjulianij@unc.edu,+7 (344) 473-1978,Russia,$53240.21,810
669,Gardiner Iiannoni,giiannoniik@reddit.com,+7 (248) 372-1446,Russia,$24894.59,285
670,Iain Holwell,iholwellil@accuweather.com,+7 (978) 322-5483,Russia,$34543.16,297
671,Katheryn Burless,kburlessim@mail.ru,+7 (623) 504-7721,Russia,$1503.99,218
672,Levy Goulder,lgoulderin@twitter.com,+1 (415) 706-6907,Canada,$10079.33,172
673,Alessandra Reynoldson,areynoldsonio@theguardian.com,+7 (889) 425-7060,Russia,$31639.55,535
674,Hedwiga Olyff,holyffip@about.com,+7 (760) 161-3338,Russia,$22640.40,173
675,Muriel Cowburn,mcowburniq@histats.com,+7 (520) 671-3238,Russia,$30400.77,825
676,Evie Stather,estatherir@ebay.com,+7 (996) 830-9973,Russia,$18208.61,288
677,Muffin MacGuiness,mmacguinessis@chicagotribune.com,+7 (839) 963-2200,Russia,$63180.32,161
678,Brear De Fries,bdeit@adobe.com,+375 (431) 209-5114,Belarus,$35063.07,696
679,Richmound Kocher,rkocheriu@hugedomains.com,+7 (410) 900-4647,Russia,$28203.11,352
680,Alley Zorzutti,azorzuttiiv@bandcamp.com,+7 (127) 146-5627,Russia,$12681.14,226
681,Jami Garahan,jgarahaniw@networkadvertising.org,+1 (571) 863-5846,Canada,$8164.61,872
682,Abigael Duffil,aduffilix@alibaba.com,+7 (394) 546-3519,Russia,$71121.17,908
683,Yolanthe Di Ruggiero,ydiiy@wordpress.org,+7 (449) 749-9196,Russia,$19853.09,692
684,Elbertine Letts,elettsiz@ft.com,+7 (154) 585-8008,Russia,$6434.90,905
685,Seth Du Hamel,sduj0@cyberchimps.com,+7 (354) 811-6125,Russia,$91880.83,956
686,Davita Fassman,dfassmanj1@bloglines.com,+7 (663) 649-4822,Russia,$26613.19,601
687,Alessandro Wornum,awornumj2@unesco.org,+7 (348) 395-5771,Russia,$6946.69,463
688,Sim Summerbell,ssummerbellj3@sina.com.cn,+7 (493) 420-6749,Russia,$33250.09,949
689,Jessamyn Leddy,jleddyj4@nyu.edu,+7 (860) 388-2607,Russia,$593.33,50
690,Saree Cattonnet,scattonnetj5@xinhuanet.com,+7 (380) 872-8354,Russia,$94392.00,983
691,Gino Tourot,gtourotj6@t-online.de,+7 (516) 934-7160,Russia,$78378.24,290
692,Irv Jerke,ijerkej7@samsung.com,+7 (850) 871-4057,Russia,$39511.47,402
693,Minetta Ducroe,mducroej8@smugmug.com,+7 (280) 145-9981,Russia,$19231.20,839
694,Allys Calderbank,acalderbankj9@geocities.jp,+7 (290) 333-0566,Russia,$16042.94,291
695,Ami Bethel,abethelja@scribd.com,+7 (352) 695-4411,Russia,$10809.87,218
696,Drucy Godwyn,dgodwynjb@joomla.org,+7 (712) 183-9427,Russia,$80620.07,601
697,Ellary Asbrey,easbreyjc@adobe.com,+7 (761) 149-2791,Russia,$21682.55,241
698,Julio Davion,jdavionjd@hc360.com,+7 (809) 294-6313,Russia,$99623.16,259
699,Jill Sloan,jsloanje@toplist.cz,+7 (394) 750-8267,Russia,$51204.44,317
700,Holly Fold,hfoldjf@opera.com,+1 (290) 434-9848,Canada,$2980.23,828
701,Hewie Ascrofte,hascroftejg@friendfeed.com,+7 (591) 734-5702,Russia,$63740.39,755
702,Elke Thrower,ethrowerjh@forbes.com,+375 (254) 134-0606,Belarus,$79510.64,243
703,Sherman Havoc,shavocji@51.la,+7 (532) 952-0928,Russia,$83721.06,293
704,Michel Lamplough,mlamploughjj@prweb.com,+1 (242) 286-4167,Canada,$96284.44,909
705,Pennie Symons,psymonsjk@skype.com,+7 (914) 894-8124,Russia,$268.30,211
706,Clemente Tingey,ctingeyjl@disqus.com,+7 (630) 363-3676,Russia,$23698.53,177
707,Danica Frew,dfrewjm@issuu.com,+7 (708) 856-2806,Russia,$58452.12,840
708,Augustine Swinburne,aswinburnejn@cbsnews.com,+375 (437) 337-6525,Belarus,$39199.62,921
709,Blithe Whitcomb,bwhitcombjo@hatena.ne.jp,+7 (857) 954-2163,Russia,$66111.00,726
710,Melicent Raitt,mraittjp@rediff.com,+7 (950) 685-1155,Russia,$41670.23,791
711,Damara Paddle,dpaddlejq@sohu.com,+7 (706) 377-0721,Russia,$4841.39,946
712,Buddie Lamshead,blamsheadjr@va.gov,+7 (350) 102-3526,Russia,$45801.39,674
713,Claus Plane,cplanejs@time.com,+7 (993) 150-7290,Russia,$37605.76,882
714,Cam Grono,cgronojt@reuters.com,+7 (153) 681-2460,Russia,$30845.81,635
715,Laurel Peyes,lpeyesju@blinklist.com,+1 (699) 252-1094,Canada,$1617.82,539
716,Emogene Wernham,ewernhamjv@ted.com,+7 (458) 417-5445,Russia,$12001.49,836
717,Elberta Flacknell,eflacknelljw@bbc.co.uk,+7 (744) 424-9199,Russia,$42310.60,636
718,Donia Heitz,dheitzjx@csmonitor.com,+7 (195) 822-8745,Russia,$79217.43,223
719,Rab McInulty,rmcinultyjy@dailymotion.com,+7 (718) 472-8179,Russia,$94295.60,278
720,Christoper Labuschagne,clabuschagnejz@t.co,+1 (856) 859-8168,Canada,$18731.85,106
721,Carita Titcumb,ctitcumbk0@blogger.com,+7 (978) 628-7124,Russia,$17284.30,271
722,Welbie Garioch,wgariochk1@oaic.gov.au,+7 (565) 728-6824,Russia,$51961.50,455
723,Reine Loveman,rlovemank2@wikispaces.com,+7 (334) 912-4610,Russia,$34688.06,123
724,Yasmeen Latus,ylatusk3@webmd.com,+7 (566) 948-4781,Russia,$3834.28,336
725,Raina Fine,rfinek4@who.int,+1 (191) 130-3291,Canada,$45971.36,638
726,Rik Jentet,rjentetk5@hibu.com,+1 (268) 740-0759,Canada,$17168.49,181
727,Towney Syddie,tsyddiek6@yale.edu,+1 (330) 834-3269,Canada,$49334.98,614
728,Emili Nolan,enolank7@apple.com,+7 (442) 925-7952,Russia,$73578.43,861
729,Marchall Jobb,mjobbk8@reverbnation.com,+7 (542) 702-4498,Russia,$93667.78,564
730,Goldina Iwanicki,giwanickik9@linkedin.com,+7 (631) 785-3936,Russia,$33207.61,754
731,Sherlock Coucha,scouchaka@livejournal.com,+7 (781) 635-9961,Russia,$34340.89,661
732,Federico Squibbes,fsquibbeskb@meetup.com,+7 (896) 463-5123,Russia,$6798.09,829
733,Hope Neillans,hneillanskc@go.com,+7 (161) 918-3237,Russia,$79814.14,144
734,Naomi Dorin,ndorinkd@marriott.com,+7 (668) 299-5069,Russia,$58466.50,103
735,Isaac Newcomen,inewcomenke@yellowpages.com,+7 (157) 520-9741,Russia,$22524.80,448
736,Phillie Medeway,pmedewaykf@g.co,+7 (378) 282-3558,Russia,$91406.29,81
737,Eolande Durnford,edurnfordkg@archive.org,+7 (477) 610-7787,Russia,$95454.42,725
738,Craig Wadmore,cwadmorekh@ycombinator.com,+375 (921) 768-1070,Belarus,$49830.32,568
739,Jocko Duthy,jduthyki@alibaba.com,+7 (519) 918-3689,Russia,$53509.19,426
740,Cassandra Boyles,cboyleskj@marketwatch.com,+7 (221) 495-8802,Russia,$84979.57,767
741,Laina Lorne,llornekk@sakura.ne.jp,+7 (780) 825-0860,Russia,$91781.95,732
742,Vonni Sessuns,vsessunskl@paginegialle.it,+7 (766) 315-8917,Russia,$76679.20,392
743,Nadean Bachelar,nbachelarkm@examiner.com,+7 (332) 558-8591,Russia,$15162.58,280
744,Frederich Sante,fsantekn@abc.net.au,+7 (500) 293-2797,Russia,$70961.49,447
745,Tammi Redihough,tredihoughko@purevolume.com,+7 (231) 737-0499,Russia,$84570.34,98
746,Barry Mompesson,bmompessonkp@pcworld.com,+1 (581) 345-6082,Canada,$1623.63,721
747,Ester Gilfillan,egilfillankq@wikimedia.org,+7 (442) 200-2095,Russia,$27527.58,7
748,Jerrie Presdee,jpresdeekr@ucoz.com,+375 (351) 391-5531,Belarus,$53350.68,659
749,Gardie Stranio,gstranioks@imdb.com,+7 (558) 870-0276,Russia,$47634.06,984
750,Hanny Duddy,hduddykt@cloudflare.com,+7 (168) 673-4229,Russia,$68300.61,928
751,Gunter Cockin,gcockinku@barnesandnoble.com,+7 (456) 843-4592,Russia,$6672.73,920
752,Howie Sickert,hsickertkv@sbwire.com,+7 (400) 306-1070,Russia,$37013.10,65
753,Giusto Chazier,gchazierkw@loc.gov,+7 (985) 199-9286,Russia,$97660.77,84
754,Tallie Hardage,thardagekx@quantcast.com,+7 (888) 183-3109,Russia,$38704.59,300
755,Livvie Barnsley,lbarnsleyky@home.pl,+7 (823) 635-2661,Russia,$74907.17,521
756,Melessa Flann,mflannkz@tinyurl.com,+7 (564) 255-2234,Russia,$5668.84,70
757,Cate Seton,csetonl0@columbia.edu,+7 (581) 735-1956,Russia,$93698.52,87
758,Violet Jocic,vjocicl1@feedburner.com,+7 (477) 642-5296,Russia,$54953.74,859
759,Elsbeth Bonnick,ebonnickl2@meetup.com,+7 (829) 603-2089,Russia,$51394.79,573
760,Hedi Gatehouse,hgatehousel3@imdb.com,+7 (442) 719-0033,Russia,$29499.43,173
761,Hadria Meekin,hmeekinl4@chicagotribune.com,+7 (118) 645-4007,Russia,$66584.50,551
762,Jany Wraighte,jwraightel5@delicious.com,+7 (250) 516-4684,Russia,$42105.33,549
763,Diahann Tunney,dtunneyl6@parallels.com,+1 (391) 364-9588,Canada,$35649.97,572
764,Brenda Grishenkov,bgrishenkovl7@google.es,+7 (345) 886-5716,Russia,$16701.06,197
765,Rowan Gianilli,rgianillil8@wikia.com,+7 (283) 348-8972,Russia,$66829.47,100
766,Patty Billie,pbilliel9@archive.org,+7 (889) 271-1136,Russia,$56058.01,471
767,Dareen Powles,dpowlesla@ted.com,+7 (504) 914-0751,Russia,$81410.76,356
768,Lothario Letterick,llettericklb@goo.gl,+7 (591) 705-0664,Russia,$89221.57,537
769,Brendon Clink,bclinklc@mit.edu,+7 (647) 250-6866,Russia,$85982.84,547
770,Ailee Handrock,ahandrockld@shareasale.com,+7 (952) 510-2318,Russia,$91329.00,988
771,Ferrell Clutton,fcluttonle@cloudflare.com,+7 (888) 797-5537,Russia,$29872.72,526
772,Mattias Dionsetti,mdionsettilf@disqus.com,+1 (903) 952-4189,Canada,$13011.42,138
773,Shae Siene,ssienelg@merriam-webster.com,+7 (868) 876-5200,Russia,$64003.74,337
774,Tiphani Yates,tyateslh@reference.com,+7 (778) 508-7281,Russia,$75650.45,575
775,Gwendolen Cowdery,gcowderyli@toplist.cz,+7 (990) 428-8089,Russia,$60151.52,622
776,Guglielma Panther,gpantherlj@imdb.com,+7 (262) 398-6025,Russia,$17299.29,159
777,Dean Baily,dbailylk@disqus.com,+7 (342) 263-6387,Russia,$74517.39,183
778,Rubin Piggens,rpiggensll@washingtonpost.com,+7 (662) 452-1862,Russia,$81315.19,390
779,Boycie Treffrey,btreffreylm@telegraph.co.uk,+1 (658) 946-2760,Canada,$22670.54,299
780,Quincy Alexsandrowicz,qalexsandrowiczln@nyu.edu,+7 (407) 474-6462,Russia,$63599.76,803
781,Sancho Meechan,smeechanlo@instagram.com,+7 (191) 543-2797,Russia,$66317.17,914
782,Godart Dennert,gdennertlp@ycombinator.com,+7 (266) 379-3395,Russia,$6906.90,398
783,Millie Lukes,mlukeslq@squarespace.com,+7 (170) 434-8126,Russia,$78375.00,707
784,Wolf Manjin,wmanjinlr@yelp.com,+7 (262) 305-8134,Russia,$75374.73,115
785,Ariel Westfalen,awestfalenls@netscape.com,+7 (668) 718-6613,Russia,$9782.62,417
786,Sean Helwig,shelwiglt@tripod.com,+7 (643) 738-4897,Russia,$86188.06,917
787,Yule Baudoux,ybaudouxlu@multiply.com,+7 (158) 307-1960,Russia,$77164.64,18
788,Christalle Howsam,chowsamlv@php.net,+7 (597) 619-9561,Russia,$20901.65,456
789,Bennie Jendas,bjendaslw@parallels.com,+7 (485) 532-4551,Russia,$56263.72,437
790,Mikol Besse,mbesselx@ning.com,+7 (996) 745-2372,Russia,$3748.31,659
791,Rodrique Clerc,rclercly@wikipedia.org,+7 (367) 308-6573,Russia,$85649.34,213
792,Emmott Hickisson,ehickissonlz@blinklist.com,+7 (911) 663-9017,Russia,$25526.15,675
793,Marnia Bonn,mbonnm0@redcross.org,+7 (170) 958-4545,Russia,$66598.14,46
794,Pam Crutchley,pcrutchleym1@bandcamp.com,+7 (124) 973-1317,Russia,$37027.43,18
795,Huberto Morston,hmorstonm2@surveymonkey.com,+7 (596) 193-6307,Russia,$90513.48,324
796,Allistir Yeskov,ayeskovm3@google.nl,+7 (894) 208-2788,Russia,$8869.36,507
797,Maddalena Breawood,mbreawoodm4@fema.gov,+7 (873) 842-1377,Russia,$75873.76,964
798,Murdoch Laughlin,mlaughlinm5@google.pl,+7 (953) 279-9318,Russia,$64174.27,332
799,Urbain Lenox,ulenoxm6@biblegateway.com,+7 (271) 732-3451,Russia,$65474.93,146
800,Harman Pooly,hpoolym7@live.com,+1 (491) 799-8937,Canada,$75281.46,672
801,Nickie Crofts,ncroftsm8@nasa.gov,+7 (808) 398-5356,Russia,$99055.36,236
802,Grant Latore,glatorem9@geocities.com,+7 (354) 160-5777,Russia,$15848.32,306
803,Hana Keymar,hkeymarma@hugedomains.com,+7 (503) 362-9475,Russia,$42830.49,305
804,Nola Mollen,nmollenmb@umn.edu,+375 (550) 920-7818,Belarus,$74296.57,522
805,Sissy Massingham,smassinghammc@reverbnation.com,+7 (753) 463-8149,Russia,$63079.88,35
806,Brooks Filip,bfilipmd@themeforest.net,+7 (221) 629-9054,Russia,$6294.30,14
807,Hephzibah Merrall,hmerrallme@mit.edu,+1 (417) 634-9108,Canada,$86857.26,903
808,Sidney Merwede,smerwedemf@google.it,+7 (718) 567-4747,Russia,$23870.30,188
809,Griselda Liger,gligermg@desdev.cn,+7 (811) 663-5692,Russia,$85661.84,752
810,Gisele Bridger,gbridgermh@live.com,+7 (889) 634-8239,Russia,$83117.64,261
811,Henka Phelp,hphelpmi@bbb.org,+7 (536) 132-9299,Russia,$76664.41,738
812,Katey Beardwood,kbeardwoodmj@freewebs.com,+375 (720) 198-5426,Belarus,$93145.86,541
813,Denney Anney,danneymk@wikipedia.org,+7 (158) 476-8022,Russia,$7431.57,724
814,Konstance Gorcke,kgorckeml@cornell.edu,+1 (832) 914-3660,Canada,$55533.22,417
815,Nanci Fullerton,nfullertonmm@delicious.com,+7 (347) 304-3801,Russia,$59229.71,84
816,Bernardine Ellcock,bellcockmn@ifeng.com,+7 (793) 145-2552,Russia,$82092.86,319
817,Mufinella Batisse,mbatissemo@google.it,+7 (570) 886-6290,Russia,$68357.62,352
818,Richmound Warriner,rwarrinermp@parallels.com,+375 (547) 759-8580,Belarus,$16801.61,300
819,Vinnie Gravenell,vgravenellmq@freewebs.com,+7 (998) 811-4486,Russia,$11131.18,262
820,Eliza Layman,elaymanmr@census.gov,+7 (650) 967-6141,Russia,$31731.17,308
821,Myrtle O' Scallan,moms@smugmug.com,+7 (343) 233-9668,Russia,$82897.78,434
822,Nike Eyckelberg,neyckelbergmt@stumbleupon.com,+7 (244) 972-8069,Russia,$81484.15,667
823,Bernadine Westwell,bwestwellmu@nifty.com,+7 (448) 714-5289,Russia,$72314.25,713
824,Jacenta Filipov,jfilipovmv@live.com,+1 (104) 916-9759,Canada,$31539.91,561
825,Kacy Bezzant,kbezzantmw@illinois.edu,+7 (622) 541-6912,Russia,$28250.90,927
826,Hasheem Ragge,hraggemx@blogs.com,+7 (154) 595-8888,Russia,$81310.00,173
827,Shelley Napleton,snapletonmy@admin.ch,+7 (995) 984-0353,Russia,$52245.52,587
828,Happy Vollam,hvollammz@reddit.com,+7 (677) 545-5703,Russia,$57433.92,570
829,Nicki Blagbrough,nblagbroughn0@blogtalkradio.com,+7 (450) 171-0626,Russia,$31100.17,306
830,Alidia Currer,acurrern1@cpanel.net,+375 (202) 531-0096,Belarus,$70242.88,971
831,Torey Reggler,tregglern2@sbwire.com,+1 (704) 190-9872,Canada,$24718.82,732
832,Jacquelin Hulme,jhulmen3@statcounter.com,+7 (449) 332-7536,Russia,$96322.37,528
833,Welch Faire,wfairen4@berkeley.edu,+7 (271) 203-3733,Russia,$16831.93,563
834,Thorn Santer,tsantern5@eepurl.com,+7 (996) 711-3328,Russia,$52370.92,741
835,Merline Haycock,mhaycockn6@sbwire.com,+7 (385) 840-7678,Russia,$40262.73,383
836,Dewain Orfeur,dorfeurn7@webeden.co.uk,+7 (830) 797-5297,Russia,$72720.95,6
837,Joanie Densun,jdensunn8@wordpress.com,+7 (284) 913-5557,Russia,$21485.64,512
838,Caryn Ryton,crytonn9@alibaba.com,+7 (870) 992-0693,Russia,$40035.08,168
839,Trumann Faivre,tfaivrena@state.tx.us,+7 (572) 239-4449,Russia,$50722.44,764
840,Heywood Hutchison,hhutchisonnb@hibu.com,+375 (861) 862-5755,Belarus,$46665.21,386
841,Trevar Klosterman,tklostermannc@netscape.com,+7 (273) 266-2315,Russia,$44067.15,460
842,Wildon Duhig,wduhignd@sbwire.com,+1 (888) 197-2121,Canada,$41005.08,615
843,Caleb Gillyatt,cgillyattne@miitbeian.gov.cn,+7 (231) 594-2759,Russia,$80586.36,146
844,Morgen Arnald,marnaldnf@nymag.com,+7 (772) 252-9558,Russia,$4933.55,145
845,Edan Chattell,echattellng@qq.com,+375 (256) 957-2107,Belarus,$68137.89,800
846,Eileen Power,epowernh@nifty.com,+1 (310) 141-3338,Canada,$89814.03,258
847,Drona Matthewes,dmatthewesni@about.com,+7 (782) 863-2784,Russia,$11091.59,669
848,Vito Izkovitz,vizkovitznj@yellowpages.com,+1 (621) 795-3314,Canada,$92563.52,798
849,Berenice Jordeson,bjordesonnk@acquirethisname.com,+7 (129) 973-2056,Russia,$95742.01,890
850,Alberto Ochterlonie,aochterlonienl@zdnet.com,+7 (511) 302-8857,Russia,$72560.61,547
851,Rourke Markey,rmarkeynm@va.gov,+7 (833) 915-3315,Russia,$98087.95,147
852,Sebastian Ilyinski,silyinskinn@indiegogo.com,+7 (300) 894-2503,Russia,$62890.13,850
853,Gretal Dakers,gdakersno@amazon.co.uk,+7 (161) 867-6508,Russia,$13733.39,706
854,Taber Kline,tklinenp@aboutads.info,+7 (780) 780-9838,Russia,$62373.02,838
855,Noellyn Gobert,ngobertnq@wordpress.com,+7 (378) 782-8797,Russia,$26210.10,370
856,Rochester Payfoot,rpayfootnr@fotki.com,+7 (906) 279-9975,Russia,$58911.75,647
857,Tanya Vaggers,tvaggersns@nps.gov,+7 (228) 516-0342,Russia,$75591.13,200
858,Eddie Ruppertz,eruppertznt@thetimes.co.uk,+1 (714) 357-6786,Canada,$50044.08,580
859,Perl Lilly,plillynu@theguardian.com,+7 (160) 478-0796,Russia,$35733.96,861
860,Carine Hayzer,chayzernv@google.com.br,+7 (970) 637-0112,Russia,$86007.31,508
861,Jay Baszkiewicz,jbaszkiewicznw@irs.gov,+7 (436) 768-7214,Russia,$51088.78,875
862,Rycca Nizard,rnizardnx@amazonaws.com,+7 (945) 174-5185,Russia,$58180.10,267
863,Tommie Yosselevitch,tyosselevitchny@huffingtonpost.com,+375 (177) 925-3171,Belarus,$18295.84,272
864,Portia Partkya,ppartkyanz@seesaa.net,+7 (437) 121-6630,Russia,$93220.05,267
865,Demetrius O'Lunney,dolunneyo0@wikia.com,+7 (901) 639-5763,Russia,$77312.91,207
866,Mikael Chmiel,mchmielo1@woothemes.com,+1 (533) 289-7787,Canada,$55406.82,417
867,Barny Cusworth,bcuswortho2@bandcamp.com,+7 (275) 141-6101,Russia,$15496.99,73
868,Ernaline Mibourne,emibourneo3@howstuffworks.com,+7 (572) 139-9041,Russia,$42948.43,244
869,Mandie Conrath,mconratho4@multiply.com,+7 (488) 577-2412,Russia,$32833.00,295
870,Selestina Rosoni,srosonio5@google.co.uk,+7 (182) 837-6641,Russia,$65149.31,991
871,Jillana Blencowe,jblencoweo6@icio.us,+7 (413) 128-7464,Russia,$88614.46,789
872,Rollin Hebard,rhebardo7@diigo.com,+7 (651) 238-6513,Russia,$9366.44,378
873,Flinn Wall,fwallo8@homestead.com,+7 (435) 929-9893,Russia,$80227.86,858
874,Chaddy Mustill,cmustillo9@psu.edu,+7 (430) 421-7065,Russia,$90834.30,998
875,Wynn Abbots,wabbotsoa@china.com.cn,+7 (708) 205-9561,Russia,$5860.03,965
876,Padraic Axup,paxupob@ucsd.edu,+7 (775) 508-1311,Russia,$9888.26,165
877,Lucia Pencott,lpencottoc@bizjournals.com,+7 (701) 169-8348,Russia,$90060.22,634
878,Harmonia Jurs,hjursod@addtoany.com,+1 (625) 466-7590,Canada,$77314.40,666
879,Cherrita Stonehewer,cstoneheweroe@microsoft.com,+1 (563) 707-9223,Canada,$50155.41,513
880,Giana Dudderidge,gdudderidgeof@rakuten.co.jp,+7 (358) 157-6787,Russia,$30383.55,371
881,Sheba Glowacki,sglowackiog@jimdo.com,+7 (370) 600-0994,Russia,$78379.31,924
882,Rab Biddy,rbiddyoh@google.com.br,+7 (937) 213-0812,Russia,$77259.37,544
883,Joela Cosely,jcoselyoi@usa.gov,+7 (127) 152-3526,Russia,$92952.60,372
884,Cos Enrich,cenrichoj@china.com.cn,+1 (625) 650-8800,Canada,$31962.63,759
885,Ginelle Denziloe,gdenziloeok@abc.net.au,+7 (729) 553-2117,Russia,$25142.75,648
886,Anett Blease,ableaseol@reference.com,+7 (703) 728-1898,Russia,$65364.44,698
887,Daisy Rupprecht,drupprechtom@imgur.com,+1 (732) 136-5935,Canada,$15366.86,838
888,Cristin Bischof,cbischofon@blogspot.com,+7 (967) 252-1594,Russia,$49005.75,793
889,Pryce Sagrott,psagrottoo@purevolume.com,+1 (956) 101-0041,Canada,$64546.11,580
890,Ainsley Haycroft,ahaycroftop@newyorker.com,+1 (127) 691-5609,Canada,$8418.01,244
891,Sigismund Foresight,sforesightoq@google.pl,+375 (914) 658-2076,Belarus,$58326.95,984
892,Hermy McCay,hmccayor@cnn.com,+7 (189) 254-1120,Russia,$311.09,811
893,Kial Tersay,ktersayos@shareasale.com,+7 (373) 130-6021,Russia,$92167.70,549
894,Stanislas Nuss,snussot@surveymonkey.com,+7 (240) 708-6862,Russia,$275.15,598
895,Dallon Wylder,dwylderou@army.mil,+7 (502) 356-3966,Russia,$83367.76,147
896,Keely Sentinella,ksentinellaov@woothemes.com,+7 (990) 441-6132,Russia,$67153.45,913
897,Nobie Allmann,nallmannow@yahoo.co.jp,+7 (422) 278-7329,Russia,$97272.12,338
898,Mari Cozzi,mcozziox@hp.com,+7 (426) 851-9525,Russia,$67767.32,399
899,Osborne Evans,oevansoy@domainmarket.com,+7 (839) 391-9015,Russia,$62587.34,715
900,Jandy O'Nowlan,jonowlanoz@example.com,+7 (867) 914-4402,Russia,$3630.75,851
901,Dacia Planque,dplanquep0@ed.gov,+1 (571) 341-6813,Canada,$34962.38,475
902,Avictor Rawsthorne,arawsthornep1@bloglovin.com,+7 (508) 341-4885,Russia,$90457.58,874
903,Clair Dufour,cdufourp2@google.fr,+7 (876) 832-0420,Russia,$47519.04,708
904,Bent Preto,bpretop3@answers.com,+7 (409) 575-1980,Russia,$32764.46,826
905,Marmaduke Mowatt,mmowattp4@chicagotribune.com,+7 (897) 168-5406,Russia,$51029.81,590
906,Katti Van Schafflaer,kvanp5@wunderground.com,+7 (816) 320-1444,Russia,$18399.37,606
907,Gearalt Sirr,gsirrp6@unesco.org,+375 (946) 971-8497,Belarus,$92567.71,526
908,Andromache La Grange,alap7@patch.com,+1 (317) 373-2508,Canada,$86316.15,582
909,Nigel Casemore,ncasemorep8@independent.co.uk,+7 (780) 944-4213,Russia,$79330.11,939
910,Caye Carlone,ccarlonep9@google.com.hk,+7 (134) 738-8583,Russia,$56097.95,475
911,Averyl Widdocks,awiddockspa@indiegogo.com,+7 (386) 541-8434,Russia,$39710.23,693
912,Timmy Chappelle,tchappellepb@springer.com,+7 (572) 240-6068,Russia,$9687.99,127
913,Farly Weiss,fweisspc@yellowpages.com,+7 (387) 145-9935,Russia,$23210.61,874
914,Ines Flieger,ifliegerpd@163.com,+7 (435) 788-6240,Russia,$65245.70,636
915,Elsa Becom,ebecompe@live.com,+7 (991) 857-1265,Russia,$67880.01,441
916,Perle Tummond,ptummondpf@paypal.com,+7 (692) 553-9195,Russia,$65148.05,358
917,Franciska Cantillion,fcantillionpg@adobe.com,+7 (151) 677-6781,Russia,$59968.34,267
918,Demetris Abade,dabadeph@addthis.com,+1 (339) 191-6550,Canada,$20696.73,403
919,Fancy Ferrero,fferreropi@tiny.cc,+7 (482) 437-9774,Russia,$97925.97,208
920,Lisetta Scadding,lscaddingpj@unc.edu,+1 (613) 498-9739,Canada,$51950.44,894
921,Laureen Verlinden,lverlindenpk@google.com,+7 (449) 754-6449,Russia,$58923.88,843
922,Vanya Gowrich,vgowrichpl@prweb.com,+7 (851) 802-4849,Russia,$59911.51,841
923,Maud Bambrugh,mbambrughpm@ca.gov,+7 (756) 615-1942,Russia,$68690.52,25
924,Piotr Kinzel,pkinzelpn@ibm.com,+1 (199) 437-5037,Canada,$26032.21,359
925,Marisa Gross,mgrosspo@stanford.edu,+1 (409) 888-9266,Canada,$30358.30,844
926,York Maunton,ymauntonpp@behance.net,+7 (490) 258-4721,Russia,$13048.35,858
927,Berta Mongeot,bmongeotpq@scientificamerican.com,+7 (215) 537-4973,Russia,$94213.82,386
928,Bing Pursglove,bpursglovepr@constantcontact.com,+7 (312) 299-0663,Russia,$928.03,814
929,Mora Adrienne,madrienneps@nyu.edu,+7 (865) 204-0360,Russia,$58131.81,654
930,Marlo Izkovicz,mizkoviczpt@fda.gov,+1 (493) 993-5358,Canada,$49061.83,800
931,Jasmin Fairbrass,jfairbrasspu@bing.com,+7 (427) 477-7659,Russia,$88938.85,124
932,Rollo Agerskow,ragerskowpv@privacy.gov.au,+7 (611) 867-3579,Russia,$3483.66,439
933,Alecia Deroche,aderochepw@geocities.com,+7 (792) 192-1145,Russia,$84168.52,974
934,Carri Collinge,ccollingepx@livejournal.com,+7 (855) 261-4313,Russia,$60364.26,240
935,Wanids Apthorpe,wapthorpepy@hatena.ne.jp,+7 (461) 575-3408,Russia,$84256.32,859
936,Pearline Southey,psoutheypz@goo.gl,+1 (568) 264-2618,Canada,$2281.98,361
937,Nils Elloit,nelloitq0@pbs.org,+7 (386) 579-5404,Russia,$61682.49,617
938,Karla Krojn,kkrojnq1@163.com,+7 (789) 195-1509,Russia,$86378.10,359
939,Allistir O'Cleary,aoclearyq2@facebook.com,+1 (759) 411-0239,Canada,$36497.27,422
940,Correy Hairesnape,chairesnapeq3@nationalgeographic.com,+7 (997) 908-8696,Russia,$17384.74,717
941,Kelly Lagneaux,klagneauxq4@sogou.com,+1 (692) 387-8981,Canada,$98849.77,139
942,Any Cheney,acheneyq5@tripod.com,+7 (218) 368-2507,Russia,$92460.04,623
943,Kalindi Wike,kwikeq6@tripod.com,+7 (928) 117-8456,Russia,$21505.58,570
944,Ekaterina Knightsbridge,eknightsbridgeq7@moonfruit.com,+1 (356) 968-6556,Canada,$90892.64,220
945,Federica Limer,flimerq8@symantec.com,+7 (758) 656-7290,Russia,$64383.84,19
946,Zebulon Hemshall,zhemshallq9@ucsd.edu,+7 (216) 980-6003,Russia,$32113.66,874
947,Kelila Segot,ksegotqa@prnewswire.com,+7 (213) 581-6844,Russia,$77465.37,223
948,Consuelo Tapsell,ctapsellqb@thetimes.co.uk,+7 (732) 107-3297,Russia,$55691.05,176
949,Gertruda Craker,gcrakerqc@fotki.com,+7 (994) 406-2179,Russia,$70798.50,419
950,Windham Sisse,wsisseqd@berkeley.edu,+1 (684) 336-1575,Canada,$13589.44,779
951,Dru Matschuk,dmatschukqe@etsy.com,+7 (891) 496-0615,Russia,$7812.68,36
952,Irwin Lacey,ilaceyqf@umn.edu,+7 (804) 378-5673,Russia,$43654.76,288
953,Gail Bach,gbachqg@xing.com,+7 (246) 125-3525,Russia,$19202.03,367
954,Collette Sympson,csympsonqh@weibo.com,+7 (431) 465-0700,Russia,$79937.64,156
955,Rusty Carloni,rcarloniqi@about.me,+1 (614) 622-3253,Canada,$55121.13,11
956,Anthea Rizzello,arizzelloqj@hp.com,+7 (980) 797-6898,Russia,$99642.33,394
957,Letisha Hinckesman,lhinckesmanqk@dailymotion.com,+7 (278) 405-5929,Russia,$27360.33,867
958,Fayth Durling,fdurlingql@irs.gov,+7 (716) 878-0036,Russia,$71721.97,553
959,Gerrilee Scrase,gscraseqm@chicagotribune.com,+7 (446) 437-2758,Russia,$19789.96,201
960,Emilia Emor,eemorqn@tripadvisor.com,+7 (973) 232-6902,Russia,$27040.16,560
961,Paola Perotti,pperottiqo@mediafire.com,+7 (459) 581-5404,Russia,$97183.09,429
962,Murry Neiland,mneilandqp@businessinsider.com,+7 (140) 993-1252,Russia,$7585.11,751
963,Jobie Wallett,jwallettqq@pcworld.com,+7 (975) 828-1053,Russia,$95533.90,17
964,Verla Sprott,vsprottqr@issuu.com,+1 (465) 520-9199,Canada,$26522.59,199
965,Dorry Furst,dfurstqs@japanpost.jp,+7 (830) 155-7468,Russia,$48171.39,635
966,Pete Delort,pdelortqt@issuu.com,+7 (808) 337-8440,Russia,$2337.32,232
967,Alfy Benjamin,abenjaminqu@wisc.edu,+7 (119) 351-3708,Russia,$17856.82,269
968,Iseabal Abbe,iabbeqv@sciencedirect.com,+1 (373) 364-4318,Canada,$42641.14,756
969,Lucilia Keam,lkeamqw@deliciousdays.com,+7 (942) 719-8977,Russia,$67825.17,566
970,Erick MacKellar,emackellarqx@nationalgeographic.com,+7 (220) 864-0305,Russia,$18271.81,44
971,Bertie Melloy,bmelloyqy@businessinsider.com,+7 (469) 455-8125,Russia,$90533.84,44
972,Concettina Dickson,cdicksonqz@yale.edu,+7 (257) 281-5921,Russia,$85097.24,470
973,Cloe Oakenfull,coakenfullr0@soundcloud.com,+7 (290) 311-9161,Russia,$94057.90,890
974,Vanna Bursnell,vbursnellr1@thetimes.co.uk,+1 (755) 570-8728,Canada,$42231.85,984
975,Florida Siret,fsiretr2@yellowpages.com,+7 (980) 921-5884,Russia,$4054.53,56
976,Stefanie Walne,swalner3@altervista.org,+7 (206) 131-8041,Russia,$83991.60,785
977,Evvy Roycroft,eroycroftr4@chronoengine.com,+7 (299) 443-0526,Russia,$68995.46,752
978,Debbie Tourville,dtourviller5@dell.com,+7 (354) 423-6301,Russia,$10099.53,164
979,Rita Escoffier,rescoffierr6@rambler.ru,+7 (513) 659-3460,Russia,$39324.74,243
980,Kathy Fatkin,kfatkinr7@sina.com.cn,+7 (593) 723-5472,Russia,$6211.90,474
981,Hally Ewols,hewolsr8@scribd.com,+375 (240) 506-2580,Belarus,$13046.41,617
982,Gordon Patkin,gpatkinr9@facebook.com,+7 (965) 716-9043,Russia,$27656.26,243
983,Beryle Linley,blinleyra@themeforest.net,+7 (505) 609-7946,Russia,$15264.32,930
984,Giselle Pagden,gpagdenrb@weebly.com,+7 (432) 706-2223,Russia,$17426.74,507
985,Irvine Griffithe,igriffitherc@about.com,+7 (573) 457-0388,Russia,$62710.44,508
986,Letta Schuricke,lschurickerd@ebay.co.uk,+7 (653) 809-4272,Russia,$10084.22,996
987,Hi Cray,hcrayre@merriam-webster.com,+375 (184) 528-5215,Belarus,$79559.21,363
988,Alan Disley,adisleyrf@arstechnica.com,+7 (245) 547-6262,Russia,$18902.63,977
989,Des Filipychev,dfilipychevrg@opensource.org,+7 (112) 915-0192,Russia,$82017.85,44
990,Eolande Stacey,estaceyrh@oracle.com,+7 (169) 503-4587,Russia,$46918.16,392
991,Rani Minchindon,rminchindonri@tuttocitta.it,+7 (496) 833-1506,Russia,$88153.25,803
992,Robinette Eyres,reyresrj@oracle.com,+7 (213) 832-6712,Russia,$23799.61,194
993,Genvieve Allam,gallamrk@hatena.ne.jp,+1 (151) 702-1897,Canada,$38458.40,662
994,Bartolomeo Abrams,babramsrl@spiegel.de,+7 (393) 710-9058,Russia,$75962.57,822
995,Aleece Kinnock,akinnockrm@e-recht24.de,+7 (155) 628-1249,Russia,$43807.02,681
996,Baudoin Alway,balwayrn@mtv.com,+7 (940) 477-5363,Russia,$82880.91,244
997,Ilyse Durrand,idurrandro@ovh.net,+7 (935) 245-4950,Russia,$25651.71,313
998,Bertine Jowsey,bjowseyrp@mapy.cz,+7 (277) 249-6169,Russia,$83292.54,764
999,Brendan Aspy,baspyrq@netvibes.com,+7 (340) 756-9601,Russia,$84453.84,740
1000,Karlen Aitchinson,kaitchinsonrr@imgur.com,+7 (714) 634-6676,Russia,$24518.94,107