id,user,total_price,date,status
1,Rubi Kubek,$91.68,1661377359000,paid
2,Cristobal Dunnan,$2740.87,1664263382000,shipping
3,Keir Kidson,$7231.90,1683176345000,shipping
4,Carolann Muggleston,$4905.29,1677993260000,refund
5,Lee Alphonso,$242.57,1681563489000,paid
6,Tootsie Rubinivitz,$9243.71,1668880308000,shipping
7,Tedd Shedden,$9160.19,1664768575000,shipping
8,Dena Aronowicz,$9459.49,1675678476000,pending
9,Darrell Baiden,$4346.43,1678843157000,pending
10,Jandy Tesoe,$5417.71,1653493359000,paid
11,Austine Pembry,$2904.02,1673501003000,paid
12,Ronnie Jarman,$2299.54,1680378214000,shipping
13,Ruprecht Pittendreigh,$1979.94,1656849541000,paid
14,Tabbie Arundale,$534.37,1656109221000,pending
15,Cele Lefort,$1947.48,1666813452000,paid
16,Brita Grigson,$6140.61,1661009291000,pending
17,Emily Goathrop,$198.99,1680566768000,paid
18,Rudolf Brimming,$1860.12,1673682960000,paid
19,Cynthea Sleep,$2857.46,1667909530000,refund
20,Lexine Forten,$1849.92,1672406911000,shipping
21,Guy Danilyuk,$3185.02,1654558198000,pending
22,Haskell Potkins,$9844.15,1666319632000,shipping
23,Jennifer Shinton,$3767.25,1655816844000,refund
24,Saunderson Collett,$8347.17,1656728593000,pending
25,Lolita Lanchberry,$448.60,1679097385000,shipping
26,Alana Schoroder,$4468.36,1657882017000,refund
27,Jo Nesbit,$3694.44,1661561988000,refund
28,Chandal Gibbieson,$5920.41,1675397603000,refund
29,Esme Licciardi,$1264.57,1675478987000,shipping
30,Fanechka Petow,$1157.34,1683720658000,shipping
31,Winny Perrygo,$7151.57,1665115136000,pending
32,Janifer Acarson,$4948.58,1670648153000,shipping
33,Maryrose Hattersley,$1368.13,1670806496000,paid
34,Timmi Massot,$9404.21,1683279503000,paid
35,Shaina Trenam,$6874.10,1657512657000,pending
36,Ines Richin,$9912.80,1671267706000,pending
37,Hussein Dorman,$1923.79,1683795109000,paid
38,Tuesday Mertgen,$8554.03,1654932864000,pending
39,Bryce Iacavone,$1365.82,1661493652000,refund
40,Farleigh Spleving,$4277.11,1669584447000,refund
41,Kathi Nuscha,$7159.22,1660725629000,paid
42,Kettie Abrey,$2062.42,1654239032000,pending
43,Traver Guswell,$8197.14,1667605707000,paid
44,Gabbie Dunsmore,$7382.00,1681256391000,pending
45,Cathie Huck,$4147.28,1666157047000,refund
46,Zorah Fischer,$9156.89,1668767609000,refund
47,Briant Noad,$7244.87,1666194260000,pending
48,Joice Glenfield,$7583.18,1676671552000,pending
49,Ruthy Skeels,$7007.39,1669396987000,paid
50,Elvira Cohan,$947.53,1656990783000,paid
51,Scottie Larraway,$5805.26,1656776448000,paid
52,Cornelius Prothero,$3141.98,1674203745000,shipping
53,Gilburt Downing,$3528.60,1652640524000,refund
54,Laurence Standingford,$7105.76,1680630618000,pending
55,Will Scowcraft,$917.74,1679220354000,refund
56,Verney Mityashev,$4849.21,1681742819000,refund
57,Liana Kirsch,$9593.98,1680559339000,refund
58,Lind Meriot,$7643.60,1672446369000,pending
59,Mirabel Fawkes,$4768.13,1681226761000,paid
60,Pooh Mateus,$8607.67,1658087662000,paid
61,Bren Derrington,$9097.77,1666846616000,pending
62,Myriam Cumberpatch,$7338.26,1661099779000,refund
63,Brook Bondesen,$1498.90,1655489452000,refund
64,Angelika Cuthbert,$7745.85,1681016726000,paid
65,Leandra Wickey,$7555.59,1672682746000,shipping
66,Mimi Daile,$1241.14,1660967066000,shipping
67,Seward Mortlock,$553.29,1683683707000,pending
68,Talia Palister,$7510.14,1652875072000,refund
69,Pyotr MacIntosh,$8686.23,1652850600000,shipping
70,Jamie Cristou,$2550.34,1681827624000,refund
71,Suzann Struss,$5519.92,1682392334000,pending
72,Alonzo Jemmison,$7012.88,1671576474000,pending
73,Verne Langcaster,$9328.01,1658448479000,pending
74,Fay Daintry,$4372.52,1676576679000,shipping
75,Tadd Jennaroy,$7728.29,1665197265000,pending
76,Hewet Rozanski,$1866.86,1660907868000,pending
77,Keslie Flint,$6929.38,1654059231000,refund
78,Jayme Farndale,$4708.26,1667978923000,paid
79,Di McIlwraith,$2282.98,1653017096000,paid
80,Karlie Landman,$3712.98,1660080778000,shipping
81,Davy Whitelaw,$9277.20,1660634499000,pending
82,Pierce Maccree,$1560.42,1670789669000,shipping
83,Monica Loder,$9034.54,1672116863000,paid
84,Pasquale Sanney,$1482.08,1680743794000,refund
85,Herold Litherland,$7673.31,1672505034000,refund
86,Estelle Januszkiewicz,$1524.31,1671867816000,pending
87,Belle Ends,$1619.43,1680712579000,paid
88,Peirce O'Grada,$6467.39,1667715320000,paid
89,Sergeant Delamere,$9847.16,1671798989000,shipping
90,Pinchas Jocelyn,$7421.50,1663535655000,pending
91,Noami Ramme,$3492.76,1670596341000,paid
92,Burch Blackall,$4411.99,1654292336000,refund
93,Guinevere Jammes,$8955.82,1664650861000,pending
94,Taber Jarrold,$9309.87,1661270191000,pending
95,Lonnie Braybrookes,$5415.20,1679482359000,refund
96,Lynnea Potticary,$4692.05,1671353496000,refund
97,Pamelina Salzburg,$8787.28,1671393270000,paid
98,Erinna Pittem,$5899.86,1652636157000,shipping
99,Gloria Newcom,$698.33,1680431593000,paid
100,Gabi Ruggles,$1648.22,1680966212000,refund
101,Malanie Gallegos,$1073.52,1657044330000,paid
102,Hewie Salvati,$1596.70,1663291887000,pending
103,Brier Chomley,$6641.68,1656003224000,pending
104,Llewellyn McBay,$3713.99,1682474462000,refund
105,Flossie Samet,$8016.70,1683175064000,shipping
106,Lawton Litton,$4170.74,1673936061000,paid
107,Gracia Toms,$5839.02,1679192899000,shipping
108,Con Creegan,$6116.91,1656630015000,paid
109,Torrie Decreuze,$6493.52,1660704670000,refund
110,Flinn O'Suaird,$5931.93,1673008347000,paid
111,Rhys Ogbourne,$8645.28,1683712433000,pending
112,Ardisj Humpage,$6249.13,1666198690000,pending
113,Rubin Rodrigues,$7981.54,1671054868000,pending
114,Selie Birkinshaw,$1584.72,1660074704000,pending
115,Merline Douch,$9581.77,1670215359000,shipping
116,Parnell Quaif,$7085.50,1668975122000,refund
117,Pier Shemwell,$9695.00,1670523522000,pending
118,Kermie Wyldes,$8126.19,1664989750000,pending
119,Shirline Berthouloume,$8232.20,1658186866000,shipping
120,Gearalt Hanscombe,$8249.04,1676945661000,refund
121,Welch Hauck,$2981.29,1664302486000,refund
122,Max Cheak,$2533.56,1669076094000,shipping
123,Bill Cracie,$5866.08,1677612509000,shipping
124,Nessy Goulden,$8907.02,1653766860000,paid
125,Hadleigh MacCollom,$7580.93,1673348355000,shipping
126,Orsa Chopping,$475.48,1664593690000,refund
127,Ephrayim Gomar,$8746.96,1670419301000,shipping
128,Domenic Gunning,$9398.40,1668248096000,paid
129,Myca Kleis,$416.33,1676368436000,refund
130,Selestina Brittan,$5146.09,1656362443000,pending
131,Debor McCoveney,$5987.15,1673362542000,pending
132,Amory Burnhard,$9793.31,1663691962000,pending
133,Janith Mallam,$2557.19,1669755057000,shipping
134,Harriette Ventam,$8544.57,1669118687000,paid
135,Deny Carlett,$4884.36,1659429244000,shipping
136,Joanie Bedford,$4675.38,1668324690000,paid
137,Arabela Shoulder,$6293.72,1661666950000,shipping
138,Mehetabel Babbidge,$1766.91,1662165831000,refund
139,Erek Corradini,$616.09,1668261578000,refund
140,Brennan Brody,$1378.40,1674112769000,paid
141,Krista McCumesky,$3926.82,1675551762000,paid
142,Emmit Oakden,$4605.07,1657829645000,pending
143,Alfonso Duigan,$2492.88,1677741302000,paid
144,Blair Cheasman,$9527.40,1677967931000,paid
145,Swen Calafate,$8035.59,1657137636000,refund
146,Dmitri Millier,$2354.60,1654868293000,paid
147,Nahum Dagon,$4704.22,1672162835000,shipping
148,Darill Maciocia,$5630.61,1665626551000,pending
149,Sandy Philippeaux,$573.30,1675010167000,refund
150,Ring Reder,$1089.87,1668947364000,pending
151,Gabie Fores,$8751.56,1676129357000,shipping
152,Lebbie Di Lucia,$9334.19,1674338748000,pending
153,Samuele Gawith,$2638.92,1665666769000,paid
154,Alyda Helversen,$9933.09,1682341631000,refund
155,Jeralee Smewin,$7219.99,1657302903000,refund
156,Enrika Rubinshtein,$1643.42,1669200471000,shipping
157,Zonnya Jeschner,$5053.23,1672183281000,shipping
158,Delphinia Haccleton,$6617.77,1679697909000,refund
159,Sula Pyzer,$3762.38,1667634445000,shipping
160,Nicolai Dussy,$4018.40,1676113344000,pending
161,Garey Carrigan,$4787.41,1674347464000,refund
162,Leta Dwire,$4742.86,1674383081000,pending
163,Beltran Dancey,$6496.00,1654109116000,refund
164,Craig Carnell,$234.66,1657790742000,refund
165,Meredithe Duffil,$6911.87,1652817889000,shipping
166,Cecile Anyene,$5457.35,1657075315000,shipping
167,Danielle Cleland,$4962.91,1681908319000,pending
168,Pace Lantoph,$9276.32,1674802035000,refund
169,Klaus Pendleton,$8875.45,1660079236000,paid
170,Babette Burghall,$3801.65,1682103272000,shipping
171,Deeann Longina,$8085.79,1662875942000,refund
172,Dino Eshelby,$2981.72,1683128917000,shipping
173,Vida Toretta,$7556.89,1658230655000,refund
174,Sabra Mowatt,$5926.13,1682180782000,paid
175,Elva Gagg,$882.84,1660564459000,pending
176,Fabiano Holdall,$3011.18,1664270916000,shipping
177,Hilary Carey,$2520.59,1654178619000,refund
178,Clyde Boyan,$4553.45,1663415327000,pending
179,Johannah Inchan,$6929.98,1677393612000,pending
180,Hestia Wakeley,$9293.72,1672727179000,shipping
181,Mildrid Pailin,$2812.72,1660851222000,pending
182,Christiane Uebel,$4406.04,1673927024000,refund
183,Laughton McDougle,$8791.04,1672843390000,pending
184,Rennie Mattke,$2022.15,1655739340000,shipping
185,Glennis Carleton,$663.96,1654479877000,shipping
186,Jacklin Jowers,$8630.50,1680905350000,pending
187,Rudiger Davidof,$6884.75,1671443871000,paid
188,Tamar Cruickshank,$7307.91,1678331418000,paid
189,Aeriell Bere,$3614.75,1669332185000,refund
190,Gilberto Biaggelli,$2419.55,1666842755000,paid
191,Jaine Ondrus,$2082.98,1665490808000,refund
192,Johann Tolomelli,$2901.60,1652762188000,pending
193,Marika Harbert,$4478.59,1658250177000,shipping
194,Chick Utton,$153.68,1669223252000,shipping
195,Will Wrenn,$8799.98,1674715171000,shipping
196,Sibyl Layne,$6106.01,1667115797000,paid
197,Ravi Bleasby,$6158.89,1662467204000,refund
198,Luis Seeviour,$2047.04,1680091688000,shipping
199,Ninette Ogbourne,$9236.68,1655796296000,paid
200,Chic Treversh,$2683.18,1667262898000,paid
201,Merrili Hymers,$4569.86,1677232941000,refund
202,Alice Pietri,$1350.33,1653563539000,pending
203,Dunc Danelut,$3620.27,1673785077000,pending
204,Marna Goudy,$965.11,1670372189000,pending
205,Bay McKeaney,$89.68,1659427580000,paid
206,Melosa Jenckes,$5421.57,1680541958000,refund
207,Raeann Stoop,$9023.95,1663352180000,pending
208,Laryssa Kinnaird,$1274.58,1658145214000,pending
209,Tess Powell,$9869.97,1677967183000,paid
210,Hubey Ceyssen,$7077.39,1664488722000,refund
211,Sherwin Crossland,$1010.91,1661319616000,refund
212,Larissa McGarahan,$5162.41,1663276081000,refund
213,Hubey Charlesworth,$5843.48,1679457517000,refund
214,Aylmer Usherwood,$6702.71,1664129946000,paid
215,Maure Beadel,$4398.17,1676811221000,refund
216,Kenyon Dyett,$6191.08,1662911180000,pending
217,Wolfie Condict,$4181.53,1681055753000,paid
218,Elihu McNee,$5298.58,1662937412000,pending
219,Meir Ralph,$1573.46,1683261250000,paid
220,Dean Holyard,$763.35,1658261247000,shipping
221,Ruperto Oakshott,$260.55,1676994398000,paid
222,Augusta Garrick,$3494.58,1680864462000,shipping
223,Gabriela Skivington,$1232.55,1663200253000,refund
224,Kellsie Petracek,$8163.10,1654973789000,shipping
225,Lula Sharpe,$2352.07,1654609629000,paid
226,Jessica Vanstone,$292.89,1655827851000,pending
227,Kassey Cracknall,$7145.11,1666357802000,pending
228,Sax Blackborne,$6288.56,1675960896000,paid
229,Montgomery Adran,$9604.57,1655995176000,paid
230,Kimmi Candy,$8712.71,1665503905000,pending
231,Ediva Duignan,$2547.46,1658825324000,pending
232,Peri Goldney,$6300.80,1671859155000,shipping
233,Cahra Gehring,$9380.59,1678907440000,shipping
234,Carrissa Burrows,$9595.44,1671399210000,shipping
235,Saw Mitro,$5985.96,1662568238000,shipping
236,Matias Zannotelli,$5705.03,1658756792000,pending
237,Ainslee Twatt,$4730.12,1666335289000,pending
238,Hope Chillcot,$5954.62,1653396749000,shipping
239,Donal Domel,$3785.23,1672133878000,shipping
240,Jeanna Tudge,$6566.28,1675038519000,refund
241,Orin Ackroyd,$71.03,1654713576000,shipping
242,Charil Cattrell,$1644.32,1671838091000,pending
243,Bryon Michallat,$4937.13,1683442589000,refund
244,Prudy Attlee,$6245.37,1677691759000,refund
245,Rozalin Cubbini,$4943.91,1679318262000,paid
246,Michail Stiddard,$5799.20,1675561920000,pending
247,Corrinne Harbron,$1776.57,1655936928000,refund
248,Myrvyn Guerrieri,$8875.88,1659159839000,refund
249,Bord Allery,$4499.35,1670469981000,shipping
250,Dannel Wilacot,$3562.22,1653488404000,pending
251,Brantley Anglim,$8701.79,1681692377000,shipping
252,Bastien Bachman,$3178.25,1668029669000,refund
253,Winfield Horsey,$7015.40,1683478257000,paid
254,Birk Kuscha,$2857.17,1682123708000,refund
255,Andi Costerd,$7158.45,1676284109000,pending
256,Mitchel Bartalot,$4143.09,1655620490000,pending
257,Kaspar Hitzke,$8637.65,1655458576000,shipping
258,Des Coulton,$9315.39,1671865019000,paid
259,Vernon Bromhead,$9917.76,1672848335000,paid
260,Olin Coker,$5996.32,1683655670000,pending
261,Rickey Stroder,$5754.01,1670541867000,pending
262,Rubia Rubbert,$5627.03,1667233696000,paid
263,Gerty Piggins,$7505.49,1671074721000,shipping
264,Sheelah Drysdell,$7618.30,1671881833000,shipping
265,Kimmie Milam,$9153.28,1664446897000,refund
266,Felice Leedal,$8909.48,1683246454000,paid
267,Dov Sultana,$1262.19,1659252292000,shipping
268,Alaric Guyver,$1792.03,1653378507000,refund
269,Pernell Graveson,$76.63,1677367166000,pending
270,Annadiane Hayselden,$8351.36,1668410733000,shipping
271,Lennie Cunniam,$1932.86,1667408291000,refund
272,Chloe Clampton,$3388.02,1670860395000,shipping
273,Morty Leyfield,$5965.99,1680455196000,shipping
274,Stu Tonner,$9429.82,1670214070000,pending
275,Zara Lewsy,$6043.72,1653325261000,shipping
276,Fredra Whooley,$5080.90,1680223276000,pending
277,Way Seery,$6437.99,1680570356000,shipping
278,Ursola Lamas,$9794.99,1674550725000,pending
279,Tammy Fandrich,$515.22,1678484340000,pending
280,Karen Tzarkov,$7321.40,1681705877000,refund
281,Felice Hallut,$5519.48,1681961171000,shipping
282,Donall Dwire,$739.68,1670655594000,paid
283,Bobbye Fettis,$530.72,1667425431000,pending
284,Raddie Durgan,$4050.46,1667896867000,paid
285,Corrinne Losel,$1359.77,1660311259000,paid
286,Janelle Isitt,$1049.03,1669068934000,refund
287,Libbie Tratton,$5858.67,1663277245000,refund
288,Fancie Tournay,$1939.69,1678887011000,paid
289,Linoel Farrand,$8167.75,1654307018000,shipping
290,Carey Tanby,$1880.42,1672715610000,refund
291,Brandais Peniman,$8246.83,1659286986000,refund
292,Audrye Daubeny,$3410.52,1669831528000,refund
293,Domingo Rittmeyer,$7575.42,1676963791000,refund
294,Buiron Huggett,$8520.28,1682683225000,paid
295,Tildi Esslement,$6596.75,1656303480000,shipping
296,Tory Yurocjhin,$7079.92,1679035891000,pending
297,Carolynn Beckerleg,$1046.37,1654437060000,refund
298,Con Burkwood,$3268.12,1673834022000,paid
299,Winnie Woolmore,$5502.27,1683366075000,pending
300,Ignatius Pharoah,$8731.46,1670494049000,refund
301,Durant Tilt,$816.89,1675780683000,refund
302,Alberik McInerney,$1500.52,1659756524000,refund
303,Brien Weatherburn,$4715.37,1659489660000,paid
304,Evangelia Savory,$8508.05,1679920659000,pending
305,Reinold Longworth,$1641.72,1663198087000,shipping
306,Amalee Truggian,$8895.28,1660501050000,refund
307,Ingeborg Gillooly,$3414.11,1672878146000,paid
308,Pattie Korlat,$6497.99,1664919752000,refund
309,Tiffie Rolland,$4214.00,1664432828000,pending
310,Van Gresham,$9592.93,1663336460000,pending
311,Bard McDuff,$5178.67,1667648126000,refund
312,Joycelin Stanislaw,$958.45,1679000920000,pending
313,Gallagher Coysh,$9850.95,1673159962000,shipping
314,Rani Canner,$3526.39,1678175643000,shipping
315,Tirrell Duffet,$9400.20,1660641280000,paid
316,Dexter Bellefant,$1534.66,1654660483000,refund
317,Judye Rennix,$8792.38,1666372515000,pending
318,Ilsa Spurrett,$2232.49,1659404825000,pending
319,Tyrone Longhi,$7251.47,1668152965000,pending
320,Myrah Riddle,$8229.89,1678138383000,shipping
321,Giffard Stickles,$8561.16,1670087040000,paid
322,Reba Iacobo,$6243.27,1665242703000,shipping
323,Jarvis Cunnah,$7776.44,1681321816000,pending
324,Darb Gurnett,$8012.42,1670312159000,shipping
325,Eleanora McCorrie,$9310.99,1681182911000,shipping
326,Marsha Fontes,$90.76,1657607682000,refund
327,Anatola Flarity,$485.65,1674477085000,paid
328,Cati Jiran,$5679.71,1677854455000,shipping
329,Melonie Bielby,$3094.11,1664302368000,shipping
330,Honor Groundwater,$3001.98,1660180583000,shipping
331,Hanna Emmett,$6786.25,1674714056000,refund
332,Kora Daleman,$4442.54,1660886668000,shipping
333,Leonore Gabbat,$5321.57,1663368451000,paid
334,Lawrence Nore,$4228.52,1669154606000,shipping
335,Silvester Bletcher,$5108.47,1667375692000,shipping
336,Andria Beadell,$6770.25,1681180631000,paid
337,Martynne MacGrath,$4205.27,1683512794000,refund
338,Shanta Weekly,$5343.24,1683938214000,shipping
339,Morlee Onslow,$6729.33,1661821287000,shipping
340,Josephine Hymans,$1523.15,1676691529000,paid
341,Rosetta McSorley,$5774.94,1656323266000,shipping
342,Lacie Kirkbride,$9197.94,1662111710000,shipping
343,Tamarra Arber,$9493.89,1669357026000,pending
344,Kettie Dallicoat,$2707.58,1677459700000,shipping
345,Perren Friatt,$5279.28,1669947589000,shipping
346,Bobbi Jakubovits,$8528.45,1659542130000,paid
347,Danielle Dunphy,$3544.54,1656749186000,pending
348,Kathlin Reide,$707.55,1681715196000,pending
349,Sidnee Hirth,$9223.61,1663981283000,refund
350,Papagena Snookes,$7896.88,1658657512000,paid
351,Amandy Feare,$3378.20,1677074742000,pending
352,Kurt De Freyne,$7298.02,1682924513000,paid
353,Ashlin Hurich,$9481.01,1672348332000,pending
354,Analiese Matous,$1708.07,1652834615000,refund
355,Perrine Algore,$391.46,1662694916000,refund
356,Linoel Ponde,$4516.43,1674545905000,paid
357,Matelda Edgington,$3326.09,1661340649000,shipping
358,Prudence MacCracken,$6472.12,1676174777000,paid
359,Ynes Matessian,$6264.27,1661804313000,pending
360,Felicio Labbett,$9159.98,1668723240000,pending
361,Stevie Philippe,$5879.28,1674395976000,shipping
362,Beverlee Westhofer,$745.53,1667076570000,paid
363,Pauline Waters,$9408.60,1673644034000,paid
364,Demetri Brahmer,$5895.17,1663581711000,shipping
365,Tamma Segeswoeth,$2586.88,1665371401000,paid
366,Daryl Mussilli,$8012.36,1669980936000,shipping
367,Borden Borrel,$1614.97,1661551523000,pending
368,Georgina Tuvey,$2271.56,1653464438000,pending
369,Jackquelin Bezemer,$5164.11,1677177499000,paid
370,Seka Lambertson,$8411.78,1652507045000,refund
371,Jeniece Pray,$7663.99,1655833857000,refund
372,Francklin Burtonwood,$6865.87,1671868246000,refund
373,Trenna Calkin,$1869.88,1669982152000,paid
374,Penni Baudains,$6560.88,1661820625000,paid
375,Jewelle Camus,$11.35,1665706603000,refund
376,Oberon Leavold,$2957.33,1654613097000,paid
377,Bar Kimblin,$6290.86,1662033478000,refund
378,Gilberto Smogur,$3572.66,1683451375000,refund
379,Hillier Shipton,$8237.52,1665308044000,refund
380,Amara McOwan,$2409.28,1654193506000,paid
381,Jamie Pendleton,$461.16,1652718006000,paid
382,Tucky Farnish,$241.13,1669955914000,shipping
383,Patricio Adamides,$2050.72,1681355482000,refund
384,Blithe Eyes,$8030.40,1681313549000,shipping
385,Laural Pendred,$689.43,1656789332000,pending
386,Aggie Hewkin,$6708.02,1676425546000,refund
387,Karissa Skyner,$6433.30,1683316610000,shipping
388,Wilburt Hacquoil,$2530.53,1658402493000,paid
389,Maible Hinksen,$2765.08,1682957871000,paid
390,Nahum Katt,$4400.85,1663963052000,paid
391,Conchita Gother,$6798.38,1656131180000,paid
392,Conan Hallbird,$5003.89,1673522235000,refund
393,Mervin Calabry,$888.28,1682294834000,pending
394,Danni Vaughton,$5147.42,1652828964000,refund
395,Marjory Gutierrez,$9398.03,1657958146000,shipping
396,Gae Whayman,$4759.67,1679280368000,pending
397,Willi Yeowell,$4301.53,1676814864000,pending
398,Marnia Drinkwater,$1935.91,1672119764000,pending
399,Michale Puncher,$2503.06,1665757774000,refund
400,Laurene Eagers,$7292.95,1675105796000,pending
401,Ive Cattonnet,$8124.41,1656479112000,pending
402,Kirsti Ellit,$2666.68,1670575262000,pending
403,Georgie Franc,$8965.60,1673254131000,refund
404,Kimmie Gilby,$1637.26,1654692242000,refund
405,Greta Lant,$181.50,1678437587000,paid
406,Alasteir Giacomi,$2503.43,1673568169000,paid
407,Eliot Murthwaite,$7645.97,1655058932000,shipping
408,Earle Gustus,$1117.89,1653585414000,pending
409,Nikolas Bateup,$4279.52,1668365579000,pending
410,Erinn Basford,$582.10,1670097792000,shipping
411,Erastus McKevitt,$3623.73,1662685847000,pending
412,Babette Evered,$3329.93,1681557325000,refund
413,Eamon Martindale,$4978.14,1683729020000,pending
414,Mendie Francescone,$7125.17,1683879277000,refund
415,Sibilla Fellow,$5483.20,1666580325000,refund
416,Percival Chalkly,$281.09,1680065598000,refund
417,Lil Worster,$5611.15,1660596996000,pending
418,Rudyard Crab,$1988.56,1677911340000,shipping
419,Gaelan Jacketts,$5874.75,1670106497000,pending
420,Ludovico Ede,$9928.80,1678621061000,refund
421,Leone Davenall,$1817.89,1655909506000,shipping
422,Tamara Syers,$3799.30,1661551050000,refund
423,Gasper Goode,$2290.58,1669337419000,paid
424,Dill Pieters,$9462.87,1681615914000,shipping
425,Elle Doucette,$8305.73,1675473969000,paid
426,Cad Franzoli,$2429.28,1654706210000,shipping
427,Dore Thieme,$9449.77,1665023060000,shipping
428,Garik Beteriss,$2967.99,1672203010000,refund
429,Talbot Cantle,$8444.10,1675186703000,refund
430,Keefer Maty,$1281.99,1682580506000,pending
431,Ambrosius Paintain,$8941.72,1674082082000,refund
432,Sanderson Kobpa,$3560.52,1665384162000,refund
433,Sabra Wainscoat,$1454.89,1663460395000,shipping
434,Rodi Berthod,$8504.34,1676716287000,paid
435,Cathie Van Zon,$2647.21,1667701470000,refund
436,Ivan Swiffan,$2868.10,1678160068000,paid
437,Colene Lampen,$7313.79,1658397433000,paid
438,Olag Hourihan,$5609.30,1659425090000,shipping
439,Francyne Hanratty,$7710.01,1672135929000,paid
440,Gavan Snalom,$8055.42,1678420414000,refund
441,Creight Filtness,$7775.56,1678506204000,shipping
442,Allyson Danilyuk,$7065.18,1670973841000,shipping
443,Rhys Pride,$9202.38,1663614450000,shipping
444,Marie-jeanne Louisot,$5754.31,1653881358000,refund
445,Orelee Le Borgne,$3541.04,1673604431000,refund
446,Brunhilde Huggin,$1085.40,1669703346000,shipping
447,Jacklyn Goodbarr,$647.62,1680790907000,pending
448,Gayler Anneslie,$3887.72,1669581688000,shipping
449,Westbrooke Dartnell,$1090.92,1680754034000,refund
450,Teresita Rolin,$5899.63,1671492267000,pending
451,Sarge Klimp,$3389.96,1667128796000,paid
452,Zorah Vasentsov,$7311.95,1674882535000,pending
453,Tobe Beswell,$1285.18,1678666173000,pending
454,Renard Stoltz,$2208.24,1680153576000,paid
455,Odella Sheward,$1609.05,1671660372000,paid
456,Madge Flowitt,$3586.72,1660575813000,refund
457,Read Staples,$7043.26,1673328157000,shipping
458,Moreen Chansonnau,$2595.11,1652989507000,pending
459,Ariella Gottschalk,$6786.70,1676638071000,paid
460,Dillie Langley,$6811.67,1663465383000,shipping
461,Melania Shafto,$1838.74,1673402968000,paid
462,Forbes Hurrion,$1657.03,1683043529000,pending
463,Renate Sorrill,$6718.99,1670421459000,shipping
464,Ilyse Trahmel,$3143.00,1666366688000,pending
465,Corey Allcott,$752.69,1672268923000,refund
466,Marian Rosenthal,$3833.52,1682415583000,shipping
467,Dani Hugo,$8525.91,1675472455000,paid
468,Nanni Tippings,$137.70,1677275061000,refund
469,Clarance Brownlee,$7426.27,1674816035000,pending
470,Jameson Allix,$2836.68,1661656401000,paid
471,Darrelle Rainey,$9429.98,1677843986000,pending
472,Devon Hause,$8245.63,1675141791000,shipping
473,Hall Nortunen,$9627.73,1672615167000,refund
474,Nils Geeves,$7228.78,1671909535000,paid
475,Mitchell Essame,$2338.59,1681436077000,shipping
476,Amelina Licari,$7783.73,1664725914000,pending
477,Karlyn Calbaithe,$2158.78,1674805940000,pending
478,Paule Gyves,$8053.09,1659270060000,pending
479,Leupold Kener,$3687.12,1673710004000,shipping
480,Alessandro Sykes,$4486.87,1660136823000,pending
481,Winfred Haine,$3662.54,1655860635000,paid
482,Darrin Tappor,$1654.64,1655870932000,paid
483,Beryle Burnside,$6557.70,1660116815000,paid
484,Pablo Joderli,$6196.69,1663872049000,pending
485,Clevey Bradden,$3696.59,1669645413000,pending
486,Bathsheba McNiff,$9075.88,1680115829000,pending
487,Leena Jannings,$1659.47,1652981850000,shipping
488,Vicky Denzey,$7423.82,1653933905000,refund
489,Merle O'Roan,$5275.55,1669604927000,shipping
490,Olivia Bollom,$121.15,1667821937000,pending
491,Lacey Soaper,$2590.45,1652937340000,shipping
492,Cyndia Cargon,$1909.66,1676976329000,paid
493,Van Wrankling,$9131.71,1674517668000,paid
494,Annecorinne Amsberger,$2684.16,1673789841000,shipping
495,Sarah Maffia,$3540.00,1683049127000,paid
496,Will Kelshaw,$8212.34,1654513699000,refund
497,Felipa Gregan,$1530.80,1661801121000,pending
498,Ottilie Pleven,$2486.10,1672978852000,paid
499,Randy Wiggington,$5938.24,1663427505000,refund
500,Kimmie Flaunders,$9417.59,1670799445000,refund
501,Hillary Enever,$3902.37,1667304613000,refund
502,Ahmad Reyburn,$2708.34,1655014338000,pending
503,Elihu Newbatt,$295.71,1672286304000,refund
504,Anna Lezemere,$807.68,1660619168000,pending
505,Fulvia Dungey,$8765.84,1678626359000,shipping
506,Tod Honatsch,$6207.63,1682961030000,shipping
507,Mariya Laurie,$3960.22,1658308094000,paid
508,Bale Laible,$7760.06,1671351388000,refund
509,Seline Burrage,$4153.78,1677249788000,refund
510,Neysa Remer,$2827.71,1677481339000,shipping
511,Hillary Graalmans,$9108.30,1655911228000,shipping
512,Laurel Lownsbrough,$6275.87,1675476409000,shipping
513,Adria Chstney,$2450.46,1664556011000,refund
514,Nancie Vergo,$7179.70,1655138695000,pending
515,Aveline Stamps,$5688.26,1667336769000,shipping
516,Cristin Jacks,$1542.95,1659556810000,shipping
517,Tome Astie,$3733.68,1655779683000,shipping
518,Elva Olenin,$9217.77,1678350675000,shipping
519,Truman Knutsen,$3089.03,1665086827000,refund
520,Jo Waple,$5235.39,1661796132000,pending
521,Helge Balffye,$7782.54,1663156155000,pending
522,Zachariah Brittles,$8986.33,1656169849000,shipping
523,Beulah Cottle,$228.81,1679305060000,refund
524,Salomone Epinoy,$3033.65,1679312714000,refund
525,Riley Selland,$222.01,1677585862000,paid
526,Barbee De Avenell,$5277.77,1668031010000,paid
527,Barby Flockhart,$8892.14,1662655869000,paid
528,Peta Jaume,$5322.64,1659716192000,pending
529,Jase Peartree,$5366.44,1669439204000,refund
530,Hertha Spatari,$6869.44,1664934937000,refund
531,Thayne Chapling,$8955.45,1657108495000,refund
532,Carol-jean Cottem,$5650.07,1675410929000,shipping
533,Justinian Rowley,$4386.61,1660318514000,pending
534,Blayne Edgehill,$8041.81,1671854186000,shipping
535,Cristian Queree,$9101.21,1671013052000,shipping
536,Karoline Laughnan,$4413.48,1653182508000,pending
537,Xerxes Scarf,$9982.08,1673068459000,refund
538,Nichole Puxley,$6228.18,1663601698000,refund
539,Claiborne Arangy,$583.68,1662567856000,paid
540,Nydia Baiden,$4419.04,1678428056000,pending
541,Tammy D'Alesco,$1455.61,1658558085000,refund
542,Prinz Tallow,$9482.31,1678486273000,refund
543,Harris McKinna,$4740.74,1658422705000,paid
544,Marleen Doonican,$8414.36,1680140771000,refund
545,Rossy Strank,$4857.22,1665051803000,paid
546,Taddeo Eates,$4846.52,1672262776000,pending
547,Aubrie More,$2828.90,1674557152000,refund
548,Erie Ventum,$8244.27,1667944602000,pending
549,Sherlock Whisson,$7400.51,1668732008000,paid
550,Eliza Sonnenschein,$4547.88,1680416897000,shipping
551,Hill Siddeley,$9783.38,1671543706000,shipping
552,Kipp Pavlenkov,$2537.35,1658439546000,shipping
553,Donia MacKenzie,$7655.95,1655792396000,pending
554,Byrom Eadmead,$4033.48,1676238430000,paid
555,Shel Cauldwell,$6151.27,1668037763000,refund
556,Cyndi Kohnen,$9253.41,1671477130000,pending
557,Jule Manntschke,$2253.34,1657058672000,refund
558,Sibbie Stembridge,$6709.75,1657711572000,shipping
559,Winne Saltsberg,$3120.42,1673603968000,pending
560,Hamlen Prettyjohn,$2114.22,1657666147000,pending
561,Jeane Dutson,$382.64,1675892432000,paid
562,Linnet Brangan,$5982.67,1665587205000,refund
563,Gare Nissle,$6146.48,1677523556000,paid
564,Penrod Elsey,$6891.37,1672274494000,pending
565,Chloette Mundell,$4355.78,1667519015000,shipping
566,Eduard McReath,$4303.89,1673141690000,paid
567,Karel Grave,$6410.89,1667274686000,refund
568,Edwin Alsop,$8847.62,1677187743000,paid
569,Georas Lambertazzi,$2565.33,1682533950000,refund
570,Kasey Storrs,$5815.32,1667872410000,refund
571,Raddy Earie,$4305.33,1674764196000,refund
572,Yorke Barnish,$2426.49,1678245768000,shipping
573,Brittan Houlaghan,$1382.83,1654807071000,shipping
574,Gaye Lauks,$671.24,1677211289000,pending
575,Boonie Shillabeer,$5988.53,1656040943000,pending
576,Lauretta Witchalls,$2930.89,1654098012000,shipping
577,Hayley Prozillo,$2675.99,1662284126000,pending
578,Leann Domotor,$2384.27,1659247247000,refund
579,Carmita Lothlorien,$2912.23,1667752155000,shipping
580,Ralph Sausman,$762.21,1677145615000,pending
581,Dottie Blabie,$8196.88,1663743050000,paid
582,Nicholle Gowanson,$5150.32,1674166065000,paid
583,Mathew Izchaki,$4851.78,1662244967000,paid
584,Joseph Lilley,$3724.35,1656351252000,paid
585,Weidar Drakeford,$2155.31,1668547731000,paid
586,Pat Lumm,$4479.06,1656613219000,paid
587,Grant Petegree,$5544.57,1665775405000,paid
588,Kenyon Steckings,$4392.29,1653391331000,pending
589,Sidonnie Wehner,$4468.21,1653839142000,paid
590,Dev Vern,$7023.06,1668580967000,shipping
591,Bourke De Miranda,$3696.12,1656365456000,pending
592,Tove Blabber,$1578.55,1679961840000,shipping
593,Brenda De Rye Barrett,$1280.85,1653234663000,pending
594,Artemis Gook,$4490.80,1653914289000,refund
595,Marti Gillam,$1560.91,1669785924000,refund
596,Loren Eyckel,$6612.90,1683699575000,shipping
597,Britney Krelle,$3283.98,1674803226000,pending
598,Camella De Antoni,$9129.56,1670196207000,paid
599,Emelen Hacksby,$801.56,1657614628000,refund
600,Korrie Quarton,$2088.44,1665877614000,paid
601,Vittorio Curless,$7792.67,1662892342000,shipping
602,Antone Fuzzard,$2632.60,1678459136000,paid
603,Matty Lindstrom,$431.07,1673039539000,refund
604,Rosalyn Bunnell,$803.74,1663391043000,refund
605,Haley Toe,$8996.64,1661475125000,shipping
606,Wilfrid Cleve,$4708.93,1661698646000,paid
607,Morganica Aldrich,$4271.38,1663960582000,paid
608,Ardra De Giorgio,$6455.10,1680879254000,shipping
609,Dwight Bolter,$7731.31,1654752082000,refund
610,Koo Nowick,$1898.82,1655106547000,shipping
611,Lamont Minshull,$1868.15,1678822440000,shipping
612,Ninon Turl,$9068.62,1669070709000,pending
613,Elise Bernardot,$849.11,1671453762000,pending
614,Celle Hinchshaw,$5722.64,1657065948000,pending
615,Kendricks Gutman,$4934.96,1662569222000,pending
616,Violetta Kenworth,$5594.66,1661795406000,shipping
617,Renato Else,$7208.41,1682570511000,refund
618,Morganica O'Curneen,$7929.09,1660997388000,paid
619,Bartram Seares,$6741.92,1665642119000,paid
620,Aaren McInility,$6450.65,1678386332000,shipping
621,Aristotle Blakden,$8985.52,1662122991000,paid
622,Arlina Devon,$7756.99,1658915845000,shipping
623,Tabbitha Hebblethwaite,$5665.64,1654190377000,shipping
624,Zahara Killiam,$5370.13,1681144862000,pending
625,Tobye Cowherd,$2265.52,1660643103000,shipping
626,Shannah Etchingham,$534.06,1658827336000,paid
627,Ancell Bickle,$5320.99,1652679367000,pending
628,Harlie Dufaire,$7602.07,1657250782000,pending
629,Verna McIllroy,$8455.63,1683338728000,paid
630,Barth Jaquet,$8459.64,1656459388000,pending
631,Harmonia Skeffington,$4495.94,1653714940000,paid
632,Alonso Straniero,$3442.59,1663724919000,pending
633,Ynez Foister,$2043.60,1664813242000,shipping
634,Illa Goodrick,$5253.57,1659706251000,pending
635,Heindrick Rambadt,$5039.54,1660369381000,shipping
636,Kippy Housego,$7461.75,1680010914000,pending
637,Lyndy See,$4124.37,1664921280000,refund
638,Gunner Bastick,$3421.13,1662620679000,pending
639,Aaron Jerrom,$2952.89,1682079441000,pending
640,Eba Lucian,$5705.88,1678797623000,paid
641,Garey Duff,$8084.26,1660751302000,shipping
642,Verina Vegas,$483.13,1668670035000,shipping
643,Brear Willmetts,$2496.01,1679512455000,refund
644,Maggee Lilywhite,$1281.17,1669121954000,pending
645,Peria Giovanazzi,$530.09,1674718364000,refund
646,Rudd Schall,$8037.35,1654719219000,refund
647,Hope Nicholes,$1082.91,1652913347000,shipping
648,Michele Steggals,$2036.88,1675310817000,pending
649,Keelia Gibby,$3776.78,1662591151000,refund
650,Bryna Sherry,$6347.42,1672413520000,paid
651,Robinet Fozzard,$2891.75,1656791050000,paid
652,Layne McGuffie,$7388.26,1658436267000,shipping
653,Lenka Cattach,$646.19,1671518656000,paid
654,Florry Yarr,$7413.03,1662051572000,pending
655,Lawry Benazet,$5072.88,1670733570000,refund
656,Kathi Willment,$8182.14,1660587866000,paid
657,Julissa Umney,$7220.80,1658975279000,pending
658,Selig White,$3512.49,1680714683000,shipping
659,Corene Sterricks,$5288.40,1654543064000,pending
660,My Cubberley,$8704.93,1667633005000,pending
661,Donnamarie Pumphreys,$8629.64,1661237055000,shipping
662,Emmott Caskie,$781.25,1673509693000,shipping
663,Adolf Coare,$7142.96,1677511420000,refund
664,Florella Lougheed,$6151.07,1676545898000,refund
665,Angel Panswick,$5353.29,1664922643000,pending
666,Prissie Rohlf,$2329.46,1670695633000,pending
667,Rafaela Eagling,$3123.50,1657853197000,pending
668,Meridith Gietz,$2627.49,1668372584000,pending
669,Byrom Buttrum,$5375.58,1655391270000,shipping
670,Sarajane Bengtson,$6200.02,1674961657000,pending
671,Carley Croson,$2919.56,1653695833000,refund
672,Homer Klee,$6007.33,1676731302000,shipping
673,Shandra Bulcock,$7778.69,1667562815000,shipping
674,Jarrett Tonner,$2435.91,1653250558000,paid
675,Delphine Jehan,$1236.89,1679328636000,pending
676,Tyrone Sergeant,$9001.40,1674278489000,paid
677,Jase Frude,$7475.68,1666887578000,refund
678,Tabbie Bryenton,$5935.44,1683564063000,pending
679,Nance Gasking,$4315.12,1675539423000,shipping
680,Kirby Duffie,$5076.65,1663405887000,refund
681,Nina Porritt,$774.69,1672320448000,refund
682,Yorgos Nulty,$5322.58,1655744561000,refund
683,Cicely Leser,$5401.23,1667039685000,paid
684,Ugo Rivel,$9260.97,1678083200000,refund
685,Rudolfo Bawdon,$2402.46,1659884324000,shipping
686,Teodoor Shillaker,$7572.36,1660785935000,paid
687,Dreddy McGrann,$583.73,1664733313000,refund
688,Constanta Blachford,$6005.28,1654429533000,pending
689,Peggi Fassmann,$6616.20,1672947584000,shipping
690,Iormina Delahunty,$3815.97,1669526578000,pending
691,Dorene Bartlam,$8494.73,1675960290000,paid
692,Rosabelle Makey,$7102.47,1664992418000,paid
693,Tamma Oager,$2234.44,1674245148000,shipping
694,Sybille Ick,$8901.39,1662821276000,paid
695,Edeline Gillford,$1933.04,1657520251000,paid
696,Chicky Carling,$5371.92,1659028478000,refund
697,Salomon Epinoy,$3743.68,1665905610000,pending
698,Bernetta Fullbrook,$9327.24,1682787588000,paid
699,Jen MacNamee,$9732.40,1662036632000,shipping
700,Laura Leak,$3794.54,1654495379000,shipping
701,Neile Brimilcombe,$2180.25,1662697032000,shipping
702,Guy Millward,$9407.57,1661616561000,paid
703,Hamlen Adcock,$8015.78,1665494688000,pending
704,Maximilianus Lacknor,$3195.46,1659888633000,pending
705,Winnifred Spileman,$2809.92,1669353204000,pending
706,Sosanna Orchart,$5217.74,1655024973000,shipping
707,Shermie Vellender,$7298.06,1673321897000,pending
708,Cacilia Babon,$4888.04,1667869719000,pending
709,Christen Letherbury,$9533.29,1663072507000,paid
710,Carce Brussell,$9989.36,1671014133000,paid
711,Aurora Andraud,$364.51,1676297054000,pending
712,Masha Vigers,$3186.03,1654830674000,refund
713,Allister Yesipov,$6292.77,1681979617000,shipping
714,Ulises Hobgen,$6114.76,1661214394000,pending
715,Quincy Vivien,$3117.24,1655903477000,pending
716,Morrie Dibb,$1223.05,1676454796000,paid
717,Britta Skippen,$4431.96,1674425920000,shipping
718,Amalea Gambie,$9758.12,1656672645000,paid
719,Jobyna Lechmere,$1415.00,1656449431000,pending
720,Melantha Wastell,$9326.88,1654820104000,shipping
721,Idell Cherrie,$3946.43,1661204635000,refund
722,Kacy Campelli,$6847.13,1681154091000,paid
723,Bonnie Bremond,$7698.35,1681984789000,refund
724,Hedy Teek,$5671.55,1680123958000,shipping
725,Nap Scorton,$8273.90,1654527168000,refund
726,Corrianne Hedde,$1590.16,1673527688000,refund
727,Hunfredo Jobey,$6309.98,1680490162000,paid
728,Eberhard Blades,$4903.61,1682028506000,shipping
729,Eartha Tomkys,$6958.21,1658941404000,refund
730,Jaime Deare,$2197.92,1672899820000,refund
731,Mathian Davoren,$9926.24,1680868061000,pending
732,Cosetta Dametti,$6303.33,1657216063000,refund
733,Benedict Catto,$4295.52,1679082360000,shipping
734,Devland Nordass,$7004.64,1672764203000,shipping
735,Trixi Haslen,$8077.52,1673769998000,pending
736,Franciskus Dinsell,$835.31,1667335707000,paid
737,Etheline Bosquet,$3502.64,1671288507000,refund
738,Jo Woodes,$808.79,1682545344000,refund
739,Olimpia Breitling,$6202.22,1663823701000,pending
740,Bernadette Bridgewood,$414.49,1679908245000,refund
741,Morty Grafham,$4982.42,1667550595000,paid
742,Katharine Manlow,$6780.04,1657252913000,refund
743,Ilysa Tome,$9659.00,1679477498000,pending
744,Janith Barnett,$2903.46,1678206449000,paid
745,Pepillo Ambrogio,$6534.44,1678967730000,refund
746,Loree Bavin,$2050.89,1666932671000,refund
747,Damita Cridlan,$4508.79,1661586129000,shipping
748,Tan Mudd,$1861.99,1667293750000,paid
749,Dorine Pickworth,$8269.78,1675736691000,pending
750,Jesselyn Hurtado,$2384.57,1665607435000,shipping
751,Elyse Kerfut,$9407.78,1652974246000,paid
752,Garold Botterman,$9719.68,1658340238000,refund
753,Cece Balfe,$2684.79,1674244492000,paid
754,Pearle Bene,$2325.67,1672906770000,shipping
755,Caprice Petch,$2569.75,1667809640000,shipping
756,Sully Houldcroft,$621.14,1656711077000,paid
757,Alexa Imlen,$1835.98,1669070744000,pending
758,Rene Magowan,$4113.42,1674765568000,refund
759,Henryetta Cristofaro,$7919.58,1658320660000,shipping
760,Lavinia Lalevee,$5506.63,1656716994000,shipping
761,Ardenia Feirn,$9125.80,1677870483000,pending
762,Solly Mutimer,$13.67,1669542079000,paid
763,Phaedra Haskey,$4820.20,1653037620000,refund
764,Kimbra Batey,$1578.16,1670702028000,pending
765,Patric Halvorsen,$999.20,1683740399000,paid
766,Jeremy Askew,$4022.53,1659266400000,shipping
767,Nigel Harnwell,$4829.43,1671439947000,refund
768,Ailee Hacker,$7349.78,1659067354000,shipping
769,Cilka Halversen,$9635.32,1661077104000,shipping
770,Nyssa Bendson,$4197.40,1681311985000,paid
771,Dena Beamson,$3333.01,1665655804000,shipping
772,Murry Priden,$3084.35,1672427051000,pending
773,Dorthea Crosoer,$5149.04,1660067458000,shipping
774,Emmerich Parade,$5520.90,1677924726000,shipping
775,Karoly Tolomei,$1927.73,1655419613000,pending
776,Vivienne Canas,$9126.68,1674364305000,paid
777,Reinaldo Carrell,$4775.69,1683696768000,paid
778,Sebastien Devericks,$8162.57,1668486734000,shipping
779,Jaquelyn Drewe,$7377.89,1683595093000,paid
780,Lyssa Anelay,$3540.95,1666215608000,paid
781,Renata Willgress,$1269.98,1662503564000,shipping
782,Eduard McTurk,$2099.90,1679806925000,shipping
783,Gussie Senecaux,$1305.49,1677992880000,pending
784,Daron Mounce,$4483.08,1672494530000,pending
785,Fields Hoyles,$838.81,1664246163000,pending
786,Purcell Fitch,$2086.34,1683341823000,pending
787,Pavia Creighton,$3335.50,1663708903000,refund
788,Beatrisa McCrisken,$265.09,1658959688000,paid
789,Corette Dray,$4555.25,1679864088000,pending
790,Rana Mar,$8320.55,1662664475000,pending
791,Legra Follin,$6323.32,1669423525000,shipping
792,Juline Britch,$9142.00,1675844882000,shipping
793,Susette Rickson,$648.26,1662910989000,shipping
794,Zenia Fausset,$7035.05,1653873375000,shipping
795,Grissel Sooley,$4016.51,1659364805000,paid
796,Darleen Edgeler,$5899.83,1677885728000,pending
797,Anabel Polglase,$190.67,1677459435000,refund
798,Aldis Maplethorpe,$2336.68,1662975733000,pending
799,Sigfried Sillick,$8574.19,1678177923000,refund
800,Mariel Wanjek,$2794.40,1666366790000,refund
801,Ashli Towll,$5457.33,1677804519000,pending
802,Priscilla Jose,$5272.74,1678656606000,paid
803,Miriam Shoebrook,$1623.39,1656761850000,pending
804,Craig Heys,$809.12,1654716694000,refund
805,Zara MacShirie,$5759.87,1679371702000,shipping
806,Tome Laborda,$3803.26,1668457628000,shipping
807,Carmelina Hullbrook,$5298.09,1653180721000,paid
808,Delainey Betchley,$653.93,1667972094000,pending
809,Anastasia Render,$2758.85,1678836003000,shipping
810,Luis Crich,$4961.10,1658607829000,shipping
811,Herculie Iacovino,$9975.74,1652859134000,refund
812,Doy Ayre,$3786.54,1682807257000,shipping
813,Oates Elderkin,$5378.50,1668418638000,refund
814,Vinita Froggatt,$2562.24,1681591954000,refund
815,Clara Petronis,$4499.79,1675503907000,paid
816,Virgil Zambonini,$3323.88,1678749805000,shipping
817,Viole Clinnick,$3840.62,1659753276000,refund
818,Rob Bracken,$7821.59,1669396496000,refund
819,Alexis MacInherney,$4900.58,1664489426000,pending
820,Marcie Haythorn,$2770.51,1677323908000,refund
821,Maximilianus Reyburn,$6800.46,1659729664000,shipping
822,Rockey Idale,$1666.28,1673677443000,paid
823,Angela Rebeiro,$1570.67,1664088557000,pending
824,Far Wathen,$7989.14,1669077342000,pending
825,Reinhold Cappell,$4767.95,1673982691000,pending
826,Lyndsey Frodsham,$5903.05,1662396783000,pending
827,Lori Siebert,$7505.36,1681562607000,shipping
828,Hedwig Normavell,$3112.16,1655679663000,pending
829,Vonnie Josuweit,$4473.48,1670937729000,pending
830,Kippy Tixier,$8838.30,1683852099000,pending
831,Bord Sylvaine,$1131.90,1679009084000,paid
832,Charles Feldhammer,$3584.77,1652524677000,pending
833,Thorndike Matzkaitis,$8037.79,1682566243000,paid
834,Gav Astman,$2198.38,1666122606000,pending
835,Clifford Dukelow,$796.92,1677338378000,pending
836,Giacopo Goulstone,$7578.12,1679111044000,pending
837,Cherida Janic,$5796.24,1663085831000,shipping
838,Phoebe Siley,$6979.10,1653008156000,shipping
839,Ruthie Pawlata,$2837.50,1669924737000,shipping
840,Barty Bosence,$6811.86,1665732529000,paid
841,Staford Mandal,$3129.18,1663593151000,shipping
842,Ilka D'Arrigo,$5365.98,1673159349000,shipping
843,Idalina Dight,$4763.66,1669867724000,shipping
844,Elwood Gannicott,$5456.51,1662383580000,paid
845,Arabele Moth,$5979.89,1672929628000,shipping
846,Antonetta Dornin,$2176.21,1679684665000,paid
847,Leeann Pickersail,$9668.72,1656523548000,refund
848,Darell Jeffcoat,$9170.68,1676245616000,refund
849,Chandra Iacovaccio,$6752.23,1668725328000,pending
850,Aleece Elfes,$6440.26,1678902311000,paid
851,Noelyn Gruby,$2107.36,1653745606000,shipping
852,Adrienne Sinnett,$7216.33,1680174358000,shipping
853,Morry Gamett,$3891.57,1659455125000,refund
854,Henderson Brantl,$7673.51,1653461717000,shipping
855,Theodosia Knocker,$9734.46,1659365557000,paid
856,Derek Ugo,$8595.30,1671568656000,paid
857,Bil Shinton,$1309.63,1678747659000,pending
858,Toby Sarfas,$2722.79,1683400675000,pending
859,Petrina Dziwisz,$3666.91,1678047616000,refund
860,Spenser Lainge,$3032.14,1674870502000,pending
861,Creigh Kendle,$7791.89,1670329033000,refund
862,Ruby Chantillon,$7276.87,1682341382000,refund
863,Darrin Chattelaine,$930.28,1661883767000,pending
864,Aleda Pendrid,$6275.90,1676368407000,shipping
865,Emery Lamond,$5531.34,1653093824000,refund
866,Ferdinand Holme,$4707.61,1668250101000,refund
867,Rebeca Camacho,$6080.85,1672309102000,shipping
868,Augustus Gindghill,$4005.02,1667891972000,pending
869,Janine Wight,$6447.39,1670962284000,pending
870,Evin Klemmt,$4623.17,1675135757000,refund
871,Cirillo Buggs,$6787.02,1671591110000,paid
872,Trudy Duffin,$5205.41,1672403002000,refund
873,Zola Huske,$1212.09,1652790031000,shipping
874,Stevena McGillicuddy,$5240.76,1681303687000,refund
875,Sonia Matteo,$2279.49,1666294938000,pending
876,Siana Harrod,$5210.60,1672331441000,refund
877,Jewell MacWilliam,$4761.16,1675561192000,pending
878,Dee dee Jarritt,$2570.54,1654247383000,pending
879,Iosep Dulanty,$3624.45,1659508929000,shipping
880,Sherye Tuite,$8531.23,1682760119000,refund
881,Adah Laurie,$8522.14,1657464734000,paid
882,Van Dusey,$6373.89,1665223427000,pending
883,Margareta Getcliff,$3218.75,1663356468000,pending
884,Orson Harkins,$9981.76,1683652141000,paid
885,Tatiana Grishakin,$7982.70,1664020939000,paid
886,Merridie Trowsdale,$7030.26,1669704093000,pending
887,Vincenz Jacklings,$9625.85,1655499913000,pending
888,Rina Copsey,$8689.56,1673061207000,paid
889,Bertrand Pepperill,$3209.28,1678401512000,shipping
890,Darice Hammett,$4992.40,1666956551000,paid
891,Miguela Evered,$139.58,1672584825000,refund
892,Barnie Busk,$8987.86,1676448021000,refund
893,Jamey Springle,$3607.64,1674359681000,pending
894,Ev McLemon,$8289.29,1679769150000,refund
895,Lamond Atkin,$3863.25,1665928748000,paid
896,Elwood Thornally,$1171.40,1678506117000,pending
897,Truman Peace,$498.47,1675068260000,paid
898,Jacquenetta Attwoull,$3351.61,1670171307000,refund
899,Consuelo Oaten,$8222.82,1654317269000,shipping
900,Gabi Skynner,$3931.55,1679152883000,refund
901,Loutitia Banford,$2940.66,1664925669000,refund
902,Alverta Inder,$4538.99,1661995789000,shipping
903,Moses Whiteley,$883.02,1676965733000,pending
904,Kevina Klaussen,$3108.50,1676630145000,refund
905,Raymond Bathow,$1440.58,1653505443000,paid
906,Darda Sloyan,$3745.27,1670751905000,refund
907,Gianni Quarrie,$1355.87,1678853779000,shipping
908,Ethelyn Buckie,$1170.05,1669954679000,paid
909,Lyndsey Clute,$4153.29,1674465439000,paid
910,Sheilah Relph,$4841.04,1655480784000,pending
911,Biron Jenkinson,$1165.51,1678466634000,refund
912,Jemimah Entissle,$1997.99,1662928167000,refund
913,Easter Masserel,$6036.75,1682465109000,shipping
914,Brianna Lesslie,$5876.41,1668221967000,paid
915,Archambault Jenkins,$7486.47,1680395111000,shipping
916,Berkly Lamball,$5122.50,1682361811000,shipping
917,Nick de Keep,$8292.53,1655581950000,paid
918,Viviana De Mitris,$9504.98,1682860652000,refund
919,Zitella Buttriss,$4476.05,1665693950000,refund
920,Arleyne Limer,$3140.12,1664427462000,paid
921,Devlin Menci,$9401.13,1681714609000,pending
922,Chere Fradgley,$6951.50,1668924664000,paid
923,Margie Leacock,$959.35,1679975576000,paid
924,Liana Easun,$5163.74,1677691666000,refund
925,Cherey Tregien,$5480.71,1679397785000,pending
926,Trisha McTurley,$9902.31,1672191208000,shipping
927,Randi Fyall,$6356.55,1675896986000,shipping
928,Carver Wiley,$2636.24,1683863635000,pending
929,Pearl Anstey,$5816.54,1677843057000,shipping
930,Biddie Beushaw,$8020.45,1655972302000,paid
931,Jaine Trotman,$5749.37,1654036301000,shipping
932,Caroline Ethridge,$2887.92,1683387324000,pending
933,Standford Jakubski,$7009.64,1670368025000,shipping
934,Glenna Faltskog,$1202.07,1666275134000,refund
935,Kyle Olyff,$6347.39,1668978263000,refund
936,Corissa Sainsbury,$9745.07,1653507299000,paid
937,Yvonne Eborn,$9728.81,1683505263000,pending
938,Johannes Ferry,$8180.07,1683354959000,shipping
939,Constantine Kenworthey,$1034.80,1678167173000,pending
940,Lydon Allawy,$1569.16,1664797236000,pending
941,Deb Showers,$9954.75,1668546998000,paid
942,Cob Shambrook,$416.11,1670580269000,pending
943,Alden Costigan,$3876.84,1664704738000,paid
944,Dianne Sedgeman,$401.80,1671901307000,pending
945,Dusty Thames,$6986.76,1670217631000,shipping
946,Siobhan Bollands,$9376.65,1653340074000,pending
947,Jaclyn Dearl,$5122.29,1656651316000,pending
948,Rodina Bernat,$3117.08,1677768774000,pending
949,Alistair Adds,$7302.46,1660557623000,pending
950,Pearle Dulany,$991.11,1675397898000,paid
951,Terrell Laxon,$9753.78,1669317348000,paid
952,Sheffie Breazeall,$9840.73,1678223549000,pending
953,Emmy Beesley,$2599.92,1663592046000,paid
954,Christabel Chaston,$8998.07,1678155081000,paid
955,Case Danielsky,$6887.21,1669126472000,paid
956,Pier Iddenden,$9449.43,1659329168000,paid
957,Robina Serjeantson,$9389.29,1662116172000,pending
958,Renate Brient,$7452.57,1677785590000,pending
959,Enrichetta Freke,$8194.71,1683845608000,pending
960,Husain Danieli,$4796.79,1667384147000,paid
961,Ferne Didball,$6406.56,1656989221000,shipping
962,Bron Landeaux,$2485.58,1663545809000,pending
963,Winifred Glisenan,$127.79,1658613337000,refund
964,Madalyn Rabjohns,$8782.68,1662490667000,refund
965,Sigfrid Cripps,$3286.62,1654938847000,pending
966,Jemimah Karleman,$492.65,1682121183000,paid
967,Maggi Pitford,$9264.26,1653929866000,shipping
968,Abigale McAlinden,$3577.21,1666965560000,paid
969,Dominic Ong,$2719.73,1679319759000,paid
970,Gregory Baggalley,$9699.75,1671327075000,pending
971,Yanaton Rowe,$9291.92,1669555454000,paid
972,Willie Berriman,$46.74,1683527474000,pending
973,Rois Jales,$8786.26,1676938493000,shipping
974,Mohandas Tarbett,$5593.09,1666143325000,shipping
975,Rahal Roback,$3994.00,1676230113000,shipping
976,Joanne Casiroli,$4681.63,1673841446000,shipping
977,Jean Kettlesting,$773.92,1674808576000,shipping
978,Brianna Glyde,$5211.69,1653445852000,paid
979,Ilene Lowth,$9518.47,1667526350000,paid
980,Chad Woolard,$4875.46,1669911678000,pending
981,Una Szwarc,$3800.54,1652750368000,refund
982,Zeb Martinello,$351.47,1654062890000,paid
983,Killian Dellenbrook,$9231.08,1661300315000,paid
984,Letty Hallgath,$1320.65,1663785966000,paid
985,Berenice Salsbury,$517.67,1677870255000,paid
986,Priscella Pidduck,$676.55,1663960321000,paid
987,Rasia Amys,$6818.01,1665172054000,shipping
988,Aldric Jaquin,$9340.60,1657958758000,paid
989,Kelley Lathwood,$7094.61,1674027051000,pending
990,Udell Keaves,$2453.49,1655917298000,refund
991,Gerick McRoberts,$1582.16,1683502689000,pending
992,Antons Crossley,$6664.22,1679352880000,refund
993,Moss Codd,$3855.62,1659765810000,shipping
994,Dewitt Serridge,$2803.88,1664818808000,refund
995,Gaby Dumbleton,$8314.13,1680649373000,paid
996,Shara Tubbles,$3837.77,1678357699000,paid
997,Alphonso Skittreal,$788.14,1677290934000,refund
998,Jennie Di Carli,$4357.02,1668433458000,pending
999,Nady Di Domenico,$6831.20,1682283181000,pending
1000,Jammal Gamlin,$2026.56,1683087152000,refund